"METHOD","SITEVISITID","SITE","Adult_Shannon","Adult_Simpson","Adult_Hills","Adult_Richness","Juv_Shannon","Juv_Simpson","Juv_Hills","Juv_Richness","OBS_YEAR","REGION","ISLAND","SEC_NAME","REEF_ZONE","DEPTH_BIN","HABITAT_CODE","LATITUDE","LONGITUDE","MIN_DEPTH_M","MAX_DEPTH_M","AREA_HA","REP_CARD","RAMP_CURRENT","RAMP_BASIC","MARI2011","MARI2014","TUT10_12","AS_SANCTUARY","bA_BENTHIC_REP_CARD","bBENTHIC_SEC_CODE","bGEN_MHI_STRUCTURE","bPROTECTION","NH","BENTHIC_BASIC","SAMOA_CLIMATE","BENTHIC_2018","NOTES","NA","GENSPratio_Adult","logGENSPratio_Adult","GENSPratio_Juv","logGENSPratio_Juv"
"Diver",38540,"GUA-02717",2.20650412369447,0.807445759368836,9.0839046135151,21,2.03027171370827,0.820987654320988,7.61615549151275,11,2022,"MARIAN","Guam","GUA_PITI_BOMB","Forereef","Mid","PAV",13.468966,144.684697,8.229198415,11.58183481,40.25,"GUAM_MP","GUA_MP","Guam","GUA_MP","GUA_MP_MINUS_ACHANG","NOT","NOT","GUA_WEST_MPA","GUA_WEST","NOT","PITI",161,"GUA_WEST_PITI","NOT","GUA_PITI_BOMB","",2,0.692307692307692,-0.367724780125317,1.11764705882353,0.111225635110224
"Diver",38542,"GUA-02672",1.72144234366884,0.674325259515571,5.59258908524534,15,1.10343290963819,0.6015625,3.01449677656935,4,2022,"MARIAN","Guam","GUA_PITI_BOMB","Forereef","Mid","PAV",13.479462,144.706698,4.571776897,5.18134715,40.25,"GUAM_MP","GUA_MP","Guam","GUA_MP","GUA_MP_MINUS_ACHANG","NOT","NOT","GUA_WEST_MPA","GUA_WEST","NOT","PITI",161,"GUA_WEST_PITI","NOT","GUA_PITI_BOMB","",0,0.416666666666667,-0.8754687373539,7,1.94591014905531
"Diver",38560,"GUA-02745",1.55018491104702,0.737024221453287,4.7123414660277,7,1.65910482941921,0.790123456790123,5.25460497069786,6,2022,"MARIAN","Guam","GUA_PATI_POINT","Forereef","Deep","AGR",13.614547,144.907654,24.07802499,24.99238037,155.25,"GUAM_MP","GUA_MP","Guam","GUA_MP","GUA_MP_MINUS_ACHANG","NOT","NOT","GUA_EAST_MPA","GUA_EAST","NOT","PATI",621,"GUA_EAST_PATI","NOT","GUA_PATI_POINT","",0,1.26666666666667,0.23638877806423,2,0.693147180559945
"Diver",38561,"GUA-02681",1.83068584491641,0.763733333333333,6.23816360449209,12,1.25661157796028,0.65625,3.51349608705295,5,2022,"MARIAN","Guam","GUA_EAST_OPEN","Forereef","Mid","AGR",13.652454,144.874849,9.143553795,11.88661993,1027.25,"GUAM_EAST_OPEN","GUA_EAST_OPEN","Guam","GUA_EAST_OPEN","GUA_EAST_OPEN","NOT","NOT","GUA_EAST_OPEN","GUA_EAST","NOT","OPEN",4109,"GUA_EAST_OPEN","NOT","GUA_EAST_OPEN","",0,1.41935483870968,0.350202429433115,23,3.13549421592915
"Diver",38562,"GUA-02740",2.46906151522029,0.890636624508449,11.8113568699207,17,1.33166431029301,0.673469387755102,3.78734145651377,5,2022,"MARIAN","Guam","GUA_WEST_OPEN","Forereef","Shallow","AGR",13.654324,144.854606,4.571776897,6.705272783,756.5,"GUAM_WEST_OPEN","GUA_WEST_OPEN","Guam","GUA_WEST_OPEN","GUA_WEST_OPEN","NOT","NOT","GUA_WEST_OPEN","GUA_WEST","NOT","OPEN",3026,"GUA_WEST_OPEN","NOT","GUA_WEST_OPEN","",0,0.901960784313726,-0.103184236235231,13,2.56494935746154
"Diver",38563,"GUA-02744",1.39887586741335,0.619761630142253,4.05064394568225,8,2.18978800974122,0.863169280692266,8.93331913731778,12,2022,"MARIAN","Guam","GUA_PATI_POINT","Forereef","Deep","PAV",13.604377,144.921127,19.5062481,19.81103322,155.25,"GUAM_MP","GUA_MP","Guam","GUA_MP","GUA_MP_MINUS_ACHANG","NOT","NOT","GUA_EAST_MPA","GUA_EAST","NOT","PATI",621,"GUA_EAST_PATI","NOT","GUA_PATI_POINT","",0,0.645161290322581,-0.438254930931155,2.90909090909091,1.06784063000136
"Diver",38564,"GUA-02702",2.02951553031971,0.812222222222222,7.61039845820615,14,2.03696678248099,0.829861111111111,7.66731725095527,10,2022,"MARIAN","Guam","GUA_PATI_POINT","Forereef","Mid","PAV",13.601985,144.934492,11.27704968,12.19140506,159,"GUAM_MP","GUA_MP","Guam","GUA_MP","GUA_MP_MINUS_ACHANG","NOT","NOT","GUA_EAST_MPA","GUA_EAST","NOT","PATI",636,"GUA_EAST_PATI","NOT","GUA_PATI_POINT","",1,0.7,-0.356674943938732,23,3.13549421592915
"Diver",38565,"GUA-02684",2.5547250013074,0.901632653061225,12.8677605535911,18,1.56071040904141,0.777777777777778,4.7622031559046,5,2022,"MARIAN","Guam","GUA_EAST_OPEN","Forereef","Shallow","SAG",13.633916,144.89092,5.486132277,6.705272783,421.5,"GUAM_EAST_OPEN","GUA_EAST_OPEN","Guam","GUA_EAST_OPEN","GUA_EAST_OPEN","NOT","NOT","GUA_EAST_OPEN","GUA_EAST","NOT","OPEN",1686,"GUA_EAST_OPEN","NOT","GUA_EAST_OPEN","",0,0.794871794871795,-0.2295744416445,5,1.6094379124341
"Diver",38580,"GUA-02751",1.29250629291517,0.511898323418064,3.64190280217975,13,1.6094379124341,0.76,5,6,2022,"MARIAN","Guam","GUA_TUMON","Forereef","Deep","AGR",13.512508,144.794288,21.63974398,22.24931423,27.75,"GUAM_MP","GUA_MP","Guam","GUA_MP","GUA_MP_MINUS_ACHANG","NOT","NOT","GUA_WEST_MPA","GUA_WEST","NOT","TUMB",111,"GUA_WEST_TUMB","NOT","GUA_TUMON","",0,0.162162162162162,-1.81915844341617,1.5,0.405465108108164
"Diver",38581,"GUA-02735",2.04824080767052,0.857638888888889,7.75424788710477,9,1.89534260499218,0.808561236623068,6.6548279914036,9,2022,"MARIAN","Guam","GUA_WEST_OPEN","Forereef","Mid","PAV",13.504738,144.770644,16.45839683,17.37275221,1035,"GUAM_WEST_OPEN","GUA_WEST_OPEN","Guam","GUA_WEST_OPEN","GUA_WEST_OPEN","NOT","NOT","GUA_WEST_OPEN","GUA_WEST","NOT","OPEN",4140,"GUA_WEST_OPEN","NOT","GUA_WEST_OPEN","",0,0.846153846153846,-0.167054084663166,6.25,1.83258146374831
"Diver",38582,"GUA-02701",2.2342674715705,0.829456177941026,9.33963779556318,20,0.636514168294813,0.444444444444444,1.88988157484231,2,2022,"MARIAN","Guam","GUA_WEST_OPEN","Forereef","Shallow","AGR",13.564825,144.818855,4.266991771,4.571776897,756.5,"GUAM_WEST_OPEN","GUA_WEST_OPEN","Guam","GUA_WEST_OPEN","GUA_WEST_OPEN","NOT","NOT","GUA_WEST_OPEN","GUA_WEST","NOT","OPEN",3026,"GUA_WEST_OPEN","NOT","GUA_WEST_OPEN","",3,1.32142857142857,0.27871340246902,NA,NA
"Diver",38583,"GUA-02650",1.64664891042021,0.640440771349862,5.18955997538252,15,2.02532622077007,0.86,7.57858283255199,8,2022,"MARIAN","Guam","GUA_WEST_OPEN","Forereef","Shallow","AGR",13.569112,144.8213,3.352636391,3.657421518,756.5,"GUAM_WEST_OPEN","GUA_WEST_OPEN","Guam","GUA_WEST_OPEN","GUA_WEST_OPEN","NOT","NOT","GUA_WEST_OPEN","GUA_WEST","NOT","OPEN",3026,"GUA_WEST_OPEN","NOT","GUA_WEST_OPEN","",0,0.2890625,-1.24111235127539,1.5,0.405465108108164
"Diver",38584,"GUA-02780",1.69493985641229,0.664932362122789,5.4463183942342,15,1.97156076451042,0.833333333333333,7.18187696410416,9,2022,"MARIAN","Guam","GUA_WEST_OPEN","Forereef","Deep","AGR",13.631674,144.838595,19.5062481,21.33495885,438.75,"GUAM_WEST_OPEN","GUA_WEST_OPEN","Guam","GUA_WEST_OPEN","GUA_WEST_OPEN","NOT","NOT","GUA_WEST_OPEN","GUA_WEST","NOT","OPEN",1755,"GUA_WEST_OPEN","NOT","GUA_WEST_OPEN","",0,0.569620253164557,-0.562785362696702,1.18181818181818,0.167054084663166
"Diver",38587,"GUA-02784",2.01480824240836,0.771439294426722,7.49928919768054,16,0.955699891112534,0.571428571428571,2.60049000598966,3,2022,"MARIAN","Guam","GUA_WEST_OPEN","Forereef","Shallow","AGR",13.593838,144.836064,1.828710759,5.18134715,756.5,"GUAM_WEST_OPEN","GUA_WEST_OPEN","Guam","GUA_WEST_OPEN","GUA_WEST_OPEN","NOT","NOT","GUA_WEST_OPEN","GUA_WEST","NOT","OPEN",3026,"GUA_WEST_OPEN","NOT","GUA_WEST_OPEN","",0,0.41747572815534,-0.873528872536073,2.5,0.916290731874155
"Diver",38620,"GUA-02767",2.01390009723651,0.797743055555556,7.49248184590302,16,1.38629436111989,0.75,4,4,2022,"MARIAN","Guam","GUA_EAST_OPEN","Forereef","Deep","AGR",13.439638,144.820239,22.85888449,24.38281012,664.5,"GUAM_EAST_OPEN","GUA_EAST_OPEN","Guam","GUA_EAST_OPEN","GUA_EAST_OPEN","NOT","NOT","GUA_EAST_OPEN","GUA_EAST","NOT","OPEN",2658,"GUA_EAST_OPEN","NOT","GUA_EAST_OPEN","",0,0.745454545454545,-0.293761118528163,0.333333333333333,-1.09861228866811
"Diver",38622,"GUA-02720",1.92739731453595,0.801939058171745,6.87160232786346,13,1.65252047756958,0.73828125,5.22012045641345,8,2022,"MARIAN","Guam","GUA_EAST_OPEN","Forereef","Mid","AGR",13.527454,144.931278,15.54404145,16.45839683,1027.25,"GUAM_EAST_OPEN","GUA_EAST_OPEN","Guam","GUA_EAST_OPEN","GUA_EAST_OPEN","NOT","NOT","GUA_EAST_OPEN","GUA_EAST","NOT","OPEN",4109,"GUA_EAST_OPEN","NOT","GUA_EAST_OPEN","",0,0.480519480519481,-0.732887509209459,0.6,-0.510825623765991
"Diver",38623,"GUA-02677",2.28301454117369,0.859406327937796,9.80619708242571,16,1.34062382218437,0.594883997620464,3.82142665268085,8,2022,"MARIAN","Guam","GUA_EAST_OPEN","Forereef","Shallow","AGR",13.486052,144.873026,4.571776897,5.790917403,421.5,"GUAM_EAST_OPEN","GUA_EAST_OPEN","Guam","GUA_EAST_OPEN","GUA_EAST_OPEN","NOT","NOT","GUA_EAST_OPEN","GUA_EAST","NOT","OPEN",1686,"GUA_EAST_OPEN","NOT","GUA_EAST_OPEN","",0,0.857142857142857,-0.154150679827258,40,3.68887945411394
"Diver",38640,"GUA-02762",2.25588540938975,0.820408163265306,9.54373968707652,19,2.13833305950803,0.833333333333333,8.48528137423857,12,2022,"MARIAN","Guam","GUA_EAST_OPEN","Forereef","Deep","AGR",13.301457,144.775395,18.89667784,19.81103322,664.5,"GUAM_EAST_OPEN","GUA_EAST_OPEN","Guam","GUA_EAST_OPEN","GUA_EAST_OPEN","NOT","NOT","GUA_EAST_OPEN","GUA_EAST","NOT","OPEN",2658,"GUA_EAST_OPEN","NOT","GUA_EAST_OPEN","",0,0.842105263157895,-0.171850256926659,23,3.13549421592915
"Diver",38641,"GUA-02768",2.22013117985038,0.853305785123967,9.2085387613917,14,1.52470739303014,0.72189349112426,4.59379919496706,6,2022,"MARIAN","Guam","GUA_EAST_OPEN","Forereef","Deep","PAV",13.28509,144.766998,18.59189272,20.7253886,664.5,"GUAM_EAST_OPEN","GUA_EAST_OPEN","Guam","GUA_EAST_OPEN","GUA_EAST_OPEN","NOT","NOT","GUA_EAST_OPEN","GUA_EAST","NOT","OPEN",2658,"GUA_EAST_OPEN","NOT","GUA_EAST_OPEN","",0,0.76,-0.27443684570176,NA,NA
"Diver",38642,"GUA-02727",1.42412991734677,0.722222222222222,4.15424173615638,5,1.03972077083992,0.625,2.82842712474619,3,2022,"MARIAN","Guam","GUA_EAST_OPEN","Forereef","Mid","PAV",13.249366,144.737206,9.753124048,10.05790917,1027.25,"GUAM_EAST_OPEN","GUA_EAST_OPEN","Guam","GUA_EAST_OPEN","GUA_EAST_OPEN","NOT","NOT","GUA_EAST_OPEN","GUA_EAST","NOT","OPEN",4109,"GUA_EAST_OPEN","NOT","GUA_EAST_OPEN","",0,1,0,NA,NA
"Diver",38660,"TIN-00883",2.22044283565624,0.852628555012927,9.21140910321624,14,2.16233931162693,0.8736,8.69144589599354,10,2022,"MARIAN","Tinian","Tinian","Forereef","Deep","PAV",15.072696,145.657613,21.63974398,22.55409936,557.103082,"SaTiAg","Tinian","Tinian","NOT","NOT","NOT","NOT","TIN","TIN","NOT","OPEN",2228,"TIN_OPEN","NOT","Tinian","",0,1.36,0.307484699747961,NA,NA
"Diver",38661,"TIN-00849",1.05006912302283,0.475026014568158,2.85784865437373,7,1.48338302706141,0.6904296875,4.40783230175923,7,2022,"MARIAN","Tinian","Tinian","Forereef","Mid","PAV",15.048234,145.651459,16.45839683,17.37275221,534.0549959,"SaTiAg","Tinian","Tinian","NOT","NOT","NOT","NOT","TIN","TIN","NOT","OPEN",2136,"TIN_OPEN","NOT","Tinian","",0,0.127272727272727,-2.06142303617716,11.8,2.46809953147162
"Diver",38662,"TIN-00855",2.81735020092541,0.921745152354571,16.7324542355498,27,1.88114704578763,0.74125,6.5610263452556,12,2022,"MARIAN","Tinian","Tinian","Forereef","Mid","AGR",15.030392,145.65221,9.753124048,10.97226455,534.0549959,"SaTiAg","Tinian","Tinian","NOT","NOT","NOT","NOT","TIN","TIN","NOT","OPEN",2136,"TIN_OPEN","NOT","Tinian","",0,1.13084112149533,0.122961711134835,19,2.94443897916644
"Diver",38666,"TIN-00846",1.90147265292786,0.748063359926003,6.69574769773708,14,2.21864337493376,0.871527777777778,9.19484843893749,11,2022,"MARIAN","Tinian","Tinian","Forereef","Mid","PAV",14.955508,145.664356,13.71533069,15.23925632,534.0549959,"SaTiAg","Tinian","Tinian","NOT","NOT","NOT","NOT","TIN","TIN","NOT","OPEN",2136,"TIN_OPEN","NOT","Tinian","",0,0.603448275862069,-0.505094949057006,7,1.94591014905531
"Diver",38667,"TIN-00838",2.22470628303927,0.839914294459749,9.25076529816987,16,1.84790080050907,0.81,6.34648299561033,8,2022,"MARIAN","Tinian","Tinian","Forereef","Mid","PAV",14.941167,145.652918,6.09570253,7.010057909,534.0549959,"SaTiAg","Tinian","Tinian","NOT","NOT","NOT","NOT","TIN","TIN","NOT","OPEN",2136,"TIN_OPEN","NOT","Tinian","",0,2.09375,0.73895671659124,19,2.94443897916644
"Diver",38680,"SAI-01888",2.18626115086338,0.85400390625,8.90186807573859,17,0.885574151576672,0.446280991735537,2.42437595123906,4,2022,"MARIAN","Saipan","Saipan","Forereef","Deep","AGR",15.173064,145.791975,19.20146297,19.81103322,1985.586578,"SaTiAg","Saipan","Saipan","NOT","NOT","NOT","NOT","SAI","SAI","NOT","OPEN",7942,"SAI_OPEN","NOT","Saipan","",0,0.802816901408451,-0.219628609206765,NA,NA
"Diver",38682,"SAI-01916",1.93665660625313,0.770015495867769,6.93552397628636,18,1.88148518454418,0.824444444444444,6.56324525767465,8,2022,"MARIAN","Saipan","Saipan","Forereef","Mid","AGR",15.159922,145.766053,10.3626943,12.19140506,1132.596536,"SaTiAg","Saipan","Saipan","NOT","NOT","NOT","NOT","SAI","SAI","NOT","OPEN",4530,"SAI_OPEN","NOT","Saipan","",0,0.6,-0.510825623765991,NA,NA
"Diver",38684,"SAI-01921",2.45522978536504,0.887914540816326,11.649110036361,19,NA,NA,NA,NA,2022,"MARIAN","Saipan","Saipan","Forereef","Deep","SAG",15.145576,145.747041,22.85888449,25.90673575,1985.586578,"SaTiAg","Saipan","Saipan","NOT","NOT","NOT","NOT","SAI","SAI","NOT","OPEN",7942,"SAI_OPEN","NOT","Saipan","",0,0.836065573770492,-0.179048231448985,NA,NA
"Diver",38685,"SAI-01918",2.56204121619263,0.89519415609381,12.9622490826105,23,2.01227953074468,0.828303850156087,7.48034961408222,10,2022,"MARIAN","Saipan","Saipan","Forereef","Mid","AGR",15.124252,145.753057,9.143553795,9.753124048,1132.596536,"SaTiAg","Saipan","Saipan","NOT","NOT","NOT","NOT","SAI","SAI","NOT","OPEN",4530,"SAI_OPEN","NOT","Saipan","",3,1.54545454545455,0.435318071257845,6.75,1.90954250488444
"Diver",38686,"SAI-01920",1.85434991634439,0.755502958579882,6.38754446235782,14,1.80414007146361,0.729766803840878,6.07474535492687,11,2022,"MARIAN","Saipan","Saipan","Forereef","Mid","PAV",15.094726,145.752328,13.10576044,13.71533069,1132.596536,"SaTiAg","Saipan","Saipan","NOT","NOT","NOT","NOT","SAI","SAI","NOT","OPEN",4530,"SAI_OPEN","NOT","Saipan","",0,0.710526315789474,-0.341749293722057,8,2.07944154167984
"Diver",38687,"SAI-01909",2.35705017490037,0.868503025987896,10.5597560311493,19,1.87783824040728,0.815972222222222,6.53935306209538,8,2022,"MARIAN","Saipan","Saipan","Forereef","Shallow","AGR",15.104457,145.734591,3.657421518,4.266991771,420.8277658,"SaTiAg","Saipan","Saipan","NOT","NOT","NOT","NOT","SAI","SAI","NOT","OPEN",1683,"SAI_OPEN","NOT","Saipan","",1,1.74025974025974,0.554034378097227,NA,NA
"Diver",38702,"SAI-01884",2.09678848376918,0.828254847645429,8.13998619257524,12,1.91154279552457,0.795529257067719,6.76351547475327,10,2022,"MARIAN","Saipan","Saipan","Forereef","Mid","PAV",15.272446,145.788958,11.58183481,12.80097531,1132.596536,"SaTiAg","Saipan","Saipan","NOT","NOT","NOT","NOT","SAI","SAI","NOT","OPEN",4530,"SAI_OPEN","NOT","Saipan","",0,0.727272727272727,-0.318453731118535,38,3.63758615972639
"Diver",38703,"SAI-01828",2.44523422314365,0.892249527410208,11.5332506367244,18,2.1872709920631,0.875346260387812,8.91086208937436,10,2022,"MARIAN","Saipan","Saipan","Forereef","Shallow","AGR",15.255131,145.743974,3.047851265,4.876562024,420.8277658,"SaTiAg","Saipan","Saipan","NOT","NOT","NOT","NOT","SAI","SAI","NOT","OPEN",1683,"SAI_OPEN","NOT","Saipan","",0,1.4468085106383,0.369360103466048,8.5,2.14006616349627
"Diver",38705,"SAI-01882",1.25548232517875,0.6875,3.50953070120665,4,2.20816111701872,0.865650969529086,9.09896906021484,12,2022,"MARIAN","Saipan","Saipan","Forereef","Mid","PAV",15.2811,145.80037,17.37275221,17.67753734,1132.596536,"SaTiAg","Saipan","Saipan","NOT","NOT","NOT","NOT","SAI","SAI","NOT","OPEN",4530,"SAI_OPEN","NOT","Saipan","",0,0.6,-0.510825623765991,8.5,2.14006616349627
"Diver",38706,"SAI-01843",2.0439876768886,0.810852004267642,7.72133809116762,17,2.33422668236773,0.887357795225124,10.3214750636909,13,2022,"MARIAN","Saipan","Saipan","Forereef","Mid","AGR",15.261448,145.774449,12.49619019,13.41054557,1132.596536,"SaTiAg","Saipan","Saipan","NOT","NOT","NOT","NOT","SAI","SAI","NOT","OPEN",4530,"SAI_OPEN","NOT","Saipan","",0,0.459459459459459,-0.777704568588008,3.38888888888889,1.22050210627715
"Diver",38707,"SAI-01820",2.42006645003913,0.891731112433076,11.2466066275026,16,1.90257986196578,0.796296296296296,6.70316539581705,9,2022,"MARIAN","Saipan","Saipan","Forereef","Shallow","SAG",15.252987,145.761916,2.438281012,3.047851265,420.8277658,"SaTiAg","Saipan","Saipan","NOT","NOT","NOT","NOT","SAI","SAI","NOT","OPEN",1683,"SAI_OPEN","NOT","Saipan","",1,1.31428571428571,0.273293334999681,17,2.83321334405622
"Diver",38721,"PAG-01278",1.26495922318544,0.607165532879819,3.54294826301912,10,1.90615474653985,0.828125,6.72717132202972,8,2022,"MARIAN","Pagan","Pagan","Forereef","Mid","AGR",18.099024,145.752808,11.58183481,15.23925632,492.5006185,"CNMI_UNPOP","Pagan","Pagan","NOT","NOT","NOT","NOT","PAG","PAG","NOT","OPEN",1970,"PAG_OPEN","NOT","Pagan","",0,1.76315789473684,0.56710645966458,7,1.94591014905531
"Diver",38722,"PAG-01273",1.92432534737146,0.804599868036573,6.85052538156351,12,0.642857913090791,0.306238185255199,1.90190860913209,4,2022,"MARIAN","Pagan","Pagan","Forereef","Mid","ROB",18.123748,145.756369,7.010057909,8.229198415,492.5006185,"CNMI_UNPOP","Pagan","Pagan","NOT","NOT","NOT","NOT","PAG","PAG","NOT","OPEN",1970,"PAG_OPEN","NOT","Pagan","",0,0.688524590163934,-0.373204245889943,6.66666666666667,1.89711998488588
"Diver",38723,"PAG-01266",1.45693709068712,0.639917695473251,4.29279094219255,10,1.55958115625988,0.78125,4.75682846001088,5,2022,"MARIAN","Pagan","Pagan","Forereef","Shallow","ROB",18.142813,145.75852,4.876562024,5.486132277,449.0588004,"CNMI_UNPOP","Pagan","Pagan","NOT","NOT","NOT","NOT","PAG","PAG","NOT","OPEN",1796,"PAG_OPEN","NOT","Pagan","",0,3.15384615384615,1.14862270924277,7,1.94591014905531
"Diver",38724,"PAG-01313",2.18422039153114,0.866535174227482,8.88372002958434,12,1.90022561488552,0.83,6.68740304976422,8,2022,"MARIAN","Pagan","Pagan","Forereef","Deep","ROB",18.042136,145.705959,24.07802499,26.82109113,571.3645349,"CNMI_UNPOP","Pagan","Pagan","NOT","NOT","NOT","NOT","PAG","PAG","NOT","OPEN",2285,"PAG_OPEN","NOT","Pagan","",0,0.772727272727273,-0.2578291093021,5.66666666666667,1.73460105538811
"Diver",38725,"PAG-01301",2.34418025226965,0.863163371488033,10.4247235804611,17,2.01438366117621,0.847736625514403,7.49610581608254,9,2022,"MARIAN","Pagan","Pagan","Forereef","Mid","PAV",18.049332,145.706191,16.45839683,17.06796708,492.5006185,"CNMI_UNPOP","Pagan","Pagan","NOT","NOT","NOT","NOT","PAG","PAG","NOT","OPEN",1970,"PAG_OPEN","NOT","Pagan","",0,0.425287356321839,-0.854990206010359,0.588235294117647,-0.53062825106217
"Diver",38726,"PAG-01288",2.18273724480861,0.8553125,8.8705539353768,18,1.86525165089995,0.712076145151695,6.45756073250539,15,2022,"MARIAN","Pagan","Pagan","Forereef","Mid","AGR",18.059267,145.710993,9.143553795,10.05790917,492.5006185,"CNMI_UNPOP","Pagan","Pagan","NOT","NOT","NOT","NOT","PAG","PAG","NOT","OPEN",1970,"PAG_OPEN","NOT","Pagan","",0,0.666666666666667,-0.405465108108164,26.3333333333333,3.27083556379891
"Diver",38727,"PAG-01253",1.69723847810693,0.725694444444444,5.45885181913375,12,1.33134865345045,0.65843621399177,3.78614614493197,6,2022,"MARIAN","Pagan","Pagan","Forereef","Shallow","ROB",18.080695,145.720098,3.962206644,5.486132277,449.0588004,"CNMI_UNPOP","Pagan","Pagan","NOT","NOT","NOT","NOT","PAG","PAG","NOT","OPEN",1796,"PAG_OPEN","NOT","Pagan","",0,2.2,0.78845736036427,26,3.25809653802148
"Diver",38740,"PAG-01316",2.25122204318756,0.853395061728395,9.49933734663225,17,2.24616302709404,0.880907372400756,9.4514014027116,11,2022,"MARIAN","Pagan","Pagan","Forereef","Deep","AGR",18.104861,145.785961,16.45839683,20.42060347,571.3645349,"CNMI_UNPOP","Pagan","Pagan","NOT","NOT","NOT","NOT","PAG","PAG","NOT","OPEN",2285,"PAG_OPEN","NOT","Pagan","",0,0.945945945945946,-0.0555698511548108,22,3.09104245335832
"Diver",38741,"PAG-01298",2.46642750326168,0.893016581632653,11.7802865524356,19,1.57464839694927,0.6592,4.82904341318457,9,2022,"MARIAN","Pagan","Pagan","Forereef","Mid","ROB",18.089328,145.758905,13.71533069,15.54404145,492.5006185,"CNMI_UNPOP","Pagan","Pagan","NOT","NOT","NOT","NOT","PAG","PAG","NOT","OPEN",1970,"PAG_OPEN","NOT","Pagan","",0,1.33333333333333,0.287682072451781,1.5,0.405465108108164
"Diver",38744,"PAG-01309",2.41094843819562,0.890637119113573,11.1445260283613,16,2.20863927851337,0.835538752362949,9.10332087721323,13,2022,"MARIAN","Pagan","Pagan","Forereef","Deep","AGR",18.16976,145.790484,22.24931423,22.85888449,571.3645349,"CNMI_UNPOP","Pagan","Pagan","NOT","NOT","NOT","NOT","PAG","PAG","NOT","OPEN",2285,"PAG_OPEN","NOT","Pagan","",0,0.696428571428571,-0.361790044605503,6.66666666666667,1.89711998488588
"Diver",38745,"PAG-01326",2.17803626147244,0.847584941916325,8.82895147200277,15,1.66781737395283,0.781065088757396,5.30058596538182,7,2022,"MARIAN","Pagan","Pagan","Forereef","Deep","AGR",18.147597,145.811663,19.20146297,19.81103322,571.3645349,"CNMI_UNPOP","Pagan","Pagan","NOT","NOT","NOT","NOT","PAG","PAG","NOT","OPEN",2285,"PAG_OPEN","NOT","Pagan","",0,0.621212121212121,-0.476082675322118,3.33333333333333,1.20397280432594
"Diver",38746,"PAG-01274",2.30979579839209,0.863169280692266,10.0723676513292,19,1.242453324894,0.666666666666667,3.46410161513775,4,2022,"MARIAN","Pagan","Pagan","Forereef","Mid","AGR",18.111985,145.802126,16.1536117,21.03017373,492.5006185,"CNMI_UNPOP","Pagan","Pagan","NOT","NOT","NOT","NOT","PAG","PAG","NOT","OPEN",1970,"PAG_OPEN","NOT","Pagan","",0,1.26315789473684,0.233614851181505,NA,NA
"Diver",38760,"MAU-01258",1.89482798741113,0.780069081084778,6.65140418097249,14,1.20479330969478,0.662721893491124,3.33606947358487,4,2022,"MARIAN","Maug","Maug","Forereef","Deep","RRB",20.02366,145.238393,18.89667784,20.42060347,87.73461767,"MTMNM","Maug","Maug","NOT","NOT","NOT","NOT","MAU","MAU","NOT","MTMM",351,"MAU_MTMM","NOT","Maug","",1,0.36,-1.02165124753198,NA,NA
"Diver",38764,"MAU-01257",2.55161777402034,0.905984344752125,12.8278395508095,18,1.89199649347357,0.798611111111111,6.63259740855385,9,2022,"MARIAN","Maug","Maug","Forereef","Deep","AGR",20.031244,145.234455,21.63974398,22.24931423,87.73461767,"MTMNM","Maug","Maug","NOT","NOT","NOT","NOT","MAU","MAU","NOT","MTMM",351,"MAU_MTMM","NOT","Maug","",0,0.651515151515151,-0.428454626332863,7,1.94591014905531
"Diver",38765,"MAU-01243",2.48571029670846,0.898483476686283,12.009647639174,20,1.47737917400848,0.676748582230624,4.38144760850383,7,2022,"MARIAN","Maug","Maug","Forereef","Mid","AGR",20.034007,145.229619,16.76318196,17.37275221,190.6950207,"MTMNM","Maug","Maug","NOT","NOT","NOT","NOT","MAU","MAU","NOT","MTMM",763,"MAU_MTMM","NOT","Maug","",1,0.449612403100775,-0.799369393815253,3.6,1.28093384546206
"Diver",38766,"MAU-01225",2.26164360149478,0.871168070883272,9.59885289754053,15,0.983087758574785,0.513888888888889,2.67269615442102,4,2022,"MARIAN","Maug","Maug","Forereef","Mid","ROB",20.03073,145.232888,8.229198415,9.753124048,190.6950207,"MTMNM","Maug","Maug","NOT","NOT","NOT","NOT","MAU","MAU","NOT","MTMM",763,"MAU_MTMM","NOT","Maug","",1,0.698924731182796,-0.358212223257619,NA,NA
"Diver",38767,"MAU-01213",2.1955775120259,0.854009776720835,8.98518861321623,13,2.0744897329905,0.863636363636364,7.96048345042886,9,2022,"MARIAN","Maug","Maug","Forereef","Shallow","ROB",20.029041,145.232302,3.962206644,4.571776897,35.44106339,"MTMNM","Maug","Maug","NOT","NOT","NOT","NOT","MAU","MAU","NOT","MTMM",142,"MAU_MTMM","NOT","Maug","",0,0.933333333333333,-0.0689928714869514,1.75,0.559615787935423
"Diver",38781,"MAU-01233",1.94088045692293,0.813429075333837,6.96488054912325,12,1.00271826451752,0.518518518518519,2.72568088924821,4,2022,"MARIAN","Maug","Maug","Forereef","Mid","APS",20.0108,145.212686,14.32490094,14.9344712,190.6950207,"MTMNM","Maug","Maug","NOT","NOT","NOT","NOT","MAU","MAU","NOT","MTMM",763,"MAU_MTMM","NOT","Maug","",0,0.431818181818182,-0.839750654751821,8,2.07944154167984
"Diver",38782,"MAU-01245",2.4238820861407,0.886970452118192,11.2896015601153,18,1.67698777432242,0.790123456790123,5.34941802342378,6,2022,"MARIAN","Maug","Maug","Forereef","Mid","ROB",20.014516,145.20871,6.705272783,9.143553795,190.6950207,"MTMNM","Maug","Maug","NOT","NOT","NOT","NOT","MAU","MAU","NOT","MTMM",763,"MAU_MTMM","NOT","Maug","",0,0.582089552238806,-0.54113097326132,8,2.07944154167984
"Diver",38783,"MAU-01215",1.53619739210063,0.718772826880935,4.64688634505364,7,0.974314752869349,0.59375,2.6493511285621,3,2022,"MARIAN","Maug","Maug","Forereef","Shallow","ROB",20.015957,145.207474,3.352636391,3.962206644,35.44106339,"MTMNM","Maug","Maug","NOT","NOT","NOT","NOT","MAU","MAU","NOT","MTMM",142,"MAU_MTMM","NOT","Maug","",0,0.275862068965517,-1.28785428830664,NA,NA
"Diver",38785,"MAU-01226",2.34267119475447,0.883197196526579,10.4090039369046,15,2.0800010749715,0.853515625,8.0044775188769,10,2022,"MARIAN","Maug","Maug","Forereef","Mid","AGR",20.037076,145.219743,16.1536117,17.37275221,190.6950207,"MTMNM","Maug","Maug","NOT","NOT","NOT","NOT","MAU","MAU","NOT","MTMM",763,"MAU_MTMM","NOT","Maug","",1,0.333333333333333,-1.09861228866811,9.66666666666667,2.26868354131836
"Diver",38787,"MAU-01207",1.84427953159904,0.799789038094852,6.32354223644889,13,1.46690710491225,0.747404844290657,4.33580419402126,5,2022,"MARIAN","Maug","Maug","Forereef","Shallow","ROB",20.024278,145.210172,2.438281012,3.352636391,35.44106339,"MTMNM","Maug","Maug","NOT","NOT","NOT","NOT","MAU","MAU","NOT","MTMM",142,"MAU_MTMM","NOT","Maug","",0,2.56818181818182,0.943198184794079,7.5,2.01490302054226
"Diver",38800,"MAU-01263",2.20216751435988,0.847073589641961,9.04459656140931,17,2.11159047934951,0.870748299319728,8.26137038006957,9,2022,"MARIAN","Maug","Maug","Forereef","Deep","AGR",20.028995,145.207629,18.59189272,20.42060347,87.73461767,"MTMNM","Maug","Maug","NOT","NOT","NOT","NOT","MAU","MAU","NOT","MTMM",351,"MAU_MTMM","NOT","Maug","",2,0.333333333333333,-1.09861228866811,6,1.79175946922805
"Diver",38802,"MAU-01242",2.2351373760797,0.856147481492234,9.34776592343081,14,1.79810550262427,0.814814814814815,6.03819727277118,7,2022,"MARIAN","Maug","Maug","Forereef","Mid","AGR",20.02085,145.207623,7.314843036,7.924413289,190.6950207,"MTMNM","Maug","Maug","NOT","NOT","NOT","NOT","MAU","MAU","NOT","MTMM",763,"MAU_MTMM","NOT","Maug","",0,0.627450980392157,-0.466089729924599,17,2.83321334405622
"Diver",38805,"MAU-01248",2.30927548089233,0.872781635802469,10.0671281853872,16,1.70145160026954,0.724279835390947,5.48189914522397,9,2022,"MARIAN","Maug","Maug","Forereef","Mid","ROB",20.011861,145.219944,12.80097531,15.23925632,190.6950207,"MTMNM","Maug","Maug","NOT","NOT","NOT","NOT","MAU","MAU","NOT","MTMM",763,"MAU_MTMM","NOT","Maug","",1,0.521276595744681,-0.651474484159377,4.4,1.48160454092422
"Diver",38806,"MAU-01247",2.07196097484104,0.827638888888889,7.94037874371396,14,1.71237699439672,0.791111111111111,5.54211942005838,7,2022,"MARIAN","Maug","Maug","Forereef","Mid","AGR",20.01815,145.21206,12.80097531,13.41054557,190.6950207,"MTMNM","Maug","Maug","NOT","NOT","NOT","NOT","MAU","MAU","NOT","MTMM",763,"MAU_MTMM","NOT","Maug","",0,0.690140845070423,-0.370859578930689,5,1.6094379124341
"Diver",38820,"ASC-00632",1.80021337457296,0.776785714285714,6.05093844308334,10,1.71106594540967,0.767361111111111,5.53485819096026,8,2022,"MARIAN","Asuncion","Asuncion","Forereef","Deep","ROB",19.698668,145.418563,18.59189272,20.11581835,64.03633046,"MTMNM","Asuncion","Asuncion","NOT","NOT","NOT","NOT","ASC","ASC","NOT","MTMM",256,"ASC_MTMM","NOT","Asuncion","",6,0.470588235294118,-0.75377180237638,3,1.09861228866811
"Diver",38822,"ASC-00601",2.34330241910122,0.873510188389081,10.4155764277549,17,0.848685557726417,0.493827160493827,2.33657354148564,3,2022,"MARIAN","Asuncion","Asuncion","Forereef","Mid","SAG",19.677024,145.410765,10.05790917,13.10576044,130.7967187,"MTMNM","Asuncion","Asuncion","NOT","NOT","NOT","NOT","ASC","ASC","NOT","MTMM",523,"ASC_MTMM","NOT","Asuncion","",0,0.569230769230769,-0.563469357251413,8,2.07944154167984
"Diver",38823,"ASC-00594",2.26319101351027,0.873802582257393,9.61371777592867,13,0,0,1,1,2022,"MARIAN","Asuncion","Asuncion","Forereef","Shallow","ROB",19.680538,145.393456,3.047851265,4.876562024,53.77229254,"MTMNM","Asuncion","Asuncion","NOT","NOT","NOT","NOT","ASC","ASC","NOT","MTMM",215,"ASC_MTMM","NOT","Asuncion","",0,1.72222222222222,0.543615446588982,NA,NA
"Diver",38824,"ASC-00637",2.24046713979612,0.874459833795014,9.39772031136932,12,2.12394044242922,0.8437166251335,8.36403061951279,12,2022,"MARIAN","Asuncion","Asuncion","Forereef","Deep","ROB",19.680868,145.41562,23.16366961,24.99238037,64.03633046,"MTMNM","Asuncion","Asuncion","NOT","NOT","NOT","NOT","ASC","ASC","NOT","MTMM",256,"ASC_MTMM","NOT","Asuncion","",0,0.9,-0.105360515657826,NA,NA
"Diver",38825,"ASC-00614",2.27588065357098,0.860582639714625,9.73648971253132,15,1.00271826451752,0.518518518518519,2.72568088924821,4,2022,"MARIAN","Asuncion","Asuncion","Forereef","Mid","ROB",19.704035,145.413804,12.49619019,13.41054557,130.7967187,"MTMNM","Asuncion","Asuncion","NOT","NOT","NOT","NOT","ASC","ASC","NOT","MTMM",523,"ASC_MTMM","NOT","Asuncion","",0,1.76190476190476,0.566395474920801,NA,NA
"Diver",38828,"ASC-00585",1.63000055916165,0.775086505190311,5.10387757242855,6,0,0,1,1,2022,"MARIAN","Asuncion","Asuncion","Forereef","Shallow","ROB",19.694044,145.38995,2.133495885,4.266991771,53.77229254,"MTMNM","Asuncion","Asuncion","NOT","NOT","NOT","NOT","ASC","ASC","NOT","MTMM",215,"ASC_MTMM","NOT","Asuncion","",0,3.25,1.17865499634165,NA,NA
"Diver",38840,"ASC-00626",2.6186887980848,0.904368358913814,13.7177250804221,22,0.693147180559945,0.5,2,2,2022,"MARIAN","Asuncion","Asuncion","Forereef","Deep","AGR",19.683353,145.38745,18.59189272,19.5062481,64.03633046,"MTMNM","Asuncion","Asuncion","NOT","NOT","NOT","NOT","ASC","ASC","NOT","MTMM",256,"ASC_MTMM","NOT","Asuncion","",2,0.407407407407407,-0.897941593205959,1,0
"Diver",38841,"ASC-00611",2.07873386525236,0.837322233784253,7.99434059133141,12,2.22604522615507,0.871191135734072,9.26315984262504,12,2022,"MARIAN","Asuncion","Asuncion","Forereef","Mid","PAV",19.674966,145.400707,10.05790917,10.66747943,130.7967187,"MTMNM","Asuncion","Asuncion","NOT","NOT","NOT","NOT","ASC","ASC","NOT","MTMM",523,"ASC_MTMM","NOT","Asuncion","",0,0.823529411764706,-0.194156014440958,37,3.61091791264422
"Diver",38843,"ASC-00590",2.07604831340508,0.850340136054422,7.97290017774577,10,0,0,1,1,2022,"MARIAN","Asuncion","Asuncion","Forereef","Shallow","AGR",19.683009,145.389745,3.657421518,3.962206644,53.77229254,"MTMNM","Asuncion","Asuncion","NOT","NOT","NOT","NOT","ASC","ASC","NOT","MTMM",215,"ASC_MTMM","NOT","Asuncion","",0,0.826086956521739,-0.191055236762709,NA,NA
"Diver",38844,"ASC-00627",2.5423771920491,0.888445347655683,12.7098488389337,25,1.7984878035877,0.793950850661626,6.04050612271564,8,2022,"MARIAN","Asuncion","Asuncion","Forereef","Deep","AGR",19.699728,145.390976,19.5062481,22.85888449,64.03633046,"MTMNM","Asuncion","Asuncion","NOT","NOT","NOT","NOT","ASC","ASC","NOT","MTMM",256,"ASC_MTMM","NOT","Asuncion","",4,0.317073170731707,-1.14862270924277,1.55555555555556,0.441832752279039
"Diver",38845,"ASC-00613",2.53081521107897,0.890190972222222,12.5637440664206,18,0,0,1,1,2022,"MARIAN","Asuncion","Asuncion","Forereef","Mid","AGR",19.707896,145.399214,16.1536117,17.37275221,130.7967187,"MTMNM","Asuncion","Asuncion","NOT","NOT","NOT","NOT","ASC","ASC","NOT","MTMM",523,"ASC_MTMM","NOT","Asuncion","",0,0.391304347826087,-0.93826963859293,NA,NA
"Diver",38846,"ASC-00623",2.4747370542093,0.8853759765625,11.8785832789452,19,1.80650716526167,0.817777777777778,6.08914187922086,7,2022,"MARIAN","Asuncion","Asuncion","Forereef","Mid","ROB",19.708138,145.403998,11.27704968,11.58183481,130.7967187,"MTMNM","Asuncion","Asuncion","NOT","NOT","NOT","NOT","ASC","ASC","NOT","MTMM",523,"ASC_MTMM","NOT","Asuncion","",1,0.511904761904762,-0.669616683149751,6.5,1.87180217690159
"Diver",38847,"ASC-00612",2.69407128339737,0.904651425984608,14.7917750052223,24,1.6094379124341,0.8,5,5,2022,"MARIAN","Asuncion","Asuncion","Forereef","Shallow","AGR",19.693992,145.389297,11.58183481,13.71533069,53.77229254,"MTMNM","Asuncion","Asuncion","NOT","NOT","NOT","NOT","ASC","ASC","NOT","MTMM",215,"ASC_MTMM","NOT","Asuncion","",1,0.98936170212766,-0.0106952891167479,0.666666666666667,-0.405465108108164
"Diver",38860,"PAG-01305",2.32958764286022,0.86641975308642,10.2737042241724,18,2.3148150976723,0.891111111111111,10.123050969997,11,2022,"MARIAN","Pagan","Pagan","Forereef","Deep","AGR",18.065028,145.745486,18.89667784,20.7253886,571.3645349,"CNMI_UNPOP","Pagan","Pagan","NOT","NOT","NOT","NOT","PAG","PAG","NOT","OPEN",2285,"PAG_OPEN","NOT","Pagan","",0,1.8125,0.594707107746693,6.5,1.87180217690159
"Diver",38861,"PAG-01295",2.28273781529963,0.863638649967305,9.80348382939778,19,1.58023634047611,0.72,4.85610336940723,7,2022,"MARIAN","Pagan","Pagan","Forereef","Mid","AGR",18.046889,145.726766,15.23925632,16.76318196,492.5006185,"CNMI_UNPOP","Pagan","Pagan","NOT","NOT","NOT","NOT","PAG","PAG","NOT","OPEN",1970,"PAG_OPEN","NOT","Pagan","",0,1.07352941176471,0.0709517359722844,14,2.63905732961526
"Diver",38862,"PAG-01251",2.04387837759098,0.772,7.72049420045677,17,1.45000649991816,0.6484375,4.26314222515435,7,2022,"MARIAN","Pagan","Pagan","Forereef","Shallow","ROB",18.085918,145.73531,4.571776897,5.486132277,449.0588004,"CNMI_UNPOP","Pagan","Pagan","NOT","NOT","NOT","NOT","PAG","PAG","NOT","OPEN",1796,"PAG_OPEN","NOT","Pagan","",0,1.7027027027027,0.532216813747308,7,1.94591014905531
"Diver",38863,"PAG-01254",1.66313559161417,0.7890625,5.27582777707201,6,1.21488965394912,0.666666666666667,3.36992218619932,4,2022,"MARIAN","Pagan","Pagan","Forereef","Shallow","ROB",18.132332,145.759921,3.047851265,4.571776897,449.0588004,"CNMI_UNPOP","Pagan","Pagan","NOT","NOT","NOT","NOT","PAG","PAG","NOT","OPEN",1796,"PAG_OPEN","NOT","Pagan","",0,1.28571428571429,0.251314428280906,NA,NA
"Diver",38864,"PAG-01324",2.26705198553641,0.865788536845853,9.65090781998893,14,1.87885683059554,0.780276816608997,6.54601737648838,10,2022,"MARIAN","Pagan","Pagan","Forereef","Deep","ROB",18.150932,145.754822,20.42060347,21.63974398,571.3645349,"CNMI_UNPOP","Pagan","Pagan","NOT","NOT","NOT","NOT","PAG","PAG","NOT","OPEN",2285,"PAG_OPEN","NOT","Pagan","",0,0.606060606060606,-0.500775287912489,16,2.77258872223978
"Diver",38881,"SAI-01857",2.02713293078109,0.7588,7.59228751048644,17,1.64180655967217,0.722117202268431,5.16449105100148,8,2022,"MARIAN","Saipan","Saipan","Forereef","Mid","AGR",15.203029,145.697777,17.37275221,17.98232246,1132.596536,"SaTiAg","Saipan","Saipan","NOT","NOT","NOT","NOT","SAI","SAI","NOT","OPEN",4530,"SAI_OPEN","NOT","Saipan","",0,0.449275362318841,-0.800119300112113,4.75,1.55814461804655
"Diver",38882,"SAI-01854",2.0517059907598,0.817103844771829,7.78116438411507,16,1.97134362384388,0.7609375,7.18031765585389,15,2022,"MARIAN","Saipan","Saipan","Forereef","Shallow","AGR",15.241284,145.699827,14.9344712,15.54404145,420.8277658,"SaTiAg","Saipan","Saipan","NOT","NOT","NOT","NOT","SAI","SAI","NOT","OPEN",1683,"SAI_OPEN","NOT","Saipan","",0,0.591194968553459,-0.525609419950228,15,2.70805020110221
"Diver",38885,"SAI-01859",2.56574703315842,0.90546875,13.0103739210217,18,2.1127632244948,0.841639993903368,8.27106454535786,14,2022,"MARIAN","Saipan","Saipan","Forereef","Deep","AGR",15.142486,145.675647,18.59189272,19.5062481,1985.586578,"SaTiAg","Saipan","Saipan","NOT","NOT","NOT","NOT","SAI","SAI","NOT","OPEN",7942,"SAI_OPEN","NOT","Saipan","",0,0.6,-0.510825623765991,1.7,0.53062825106217
"Diver",38886,"SAI-01852",1.91046925799606,0.784003485791316,6.75625848308983,17,2.1818044954734,0.84400826446281,8.86228378967669,14,2022,"MARIAN","Saipan","Saipan","Forereef","Mid","AGR",15.163473,145.693446,10.66747943,11.58183481,1132.596536,"SaTiAg","Saipan","Saipan","NOT","NOT","NOT","NOT","SAI","SAI","NOT","OPEN",4530,"SAI_OPEN","NOT","Saipan","",1,0.398963730569948,-0.918884767051202,21,3.04452243772342
"Diver",38901,"TIN-00868",2.51676943012832,0.897126654064272,12.3885099998969,23,2.10057563663549,0.805497709287797,8.17087201236154,14,2022,"MARIAN","Tinian","Tinian","Forereef","Mid","AGR",15.07149,145.611553,14.9344712,17.06796708,534.0549959,"SaTiAg","Tinian","Tinian","NOT","NOT","NOT","NOT","TIN","TIN","NOT","OPEN",2136,"TIN_OPEN","NOT","Tinian","",0,0.729323308270677,-0.315638149718371,48,3.87120101090789
"Diver",38902,"TIN-00848",2.47879996067876,0.88382951183432,11.9269430258379,24,2.0681793192299,0.840816326530612,7.91040767173724,11,2022,"MARIAN","Tinian","Tinian","Forereef","Mid","SAG",15.08859,145.631118,9.143553795,12.19140506,534.0549959,"SaTiAg","Tinian","Tinian","NOT","NOT","NOT","NOT","TIN","TIN","NOT","OPEN",2136,"TIN_OPEN","NOT","Tinian","",0,0.704918032786885,-0.349673748479749,34,3.52636052461616
"Diver",38904,"TIN-00884",2.0258720634403,0.822066326530612,7.58272067564484,16,2.08741886467597,0.836543209876543,8.06407381292769,12,2022,"MARIAN","Tinian","Tinian","Forereef","Deep","AGR",14.970555,145.60753,23.46845474,24.68759525,557.103082,"SaTiAg","Tinian","Tinian","NOT","NOT","NOT","NOT","TIN","TIN","NOT","OPEN",2228,"TIN_OPEN","NOT","Tinian","",0,0.570093457943925,-0.561954970288595,2,0.693147180559945
"Diver",38906,"TIN-00830",2.00163321170581,0.820216049382716,7.40113385192546,12,1.82007597536062,0.819444444444444,6.17232737686821,7,2022,"MARIAN","Tinian","Tinian","Forereef","Shallow","PAV",14.94205,145.628084,5.18134715,5.790917403,323.0482252,"SaTiAg","Tinian","Tinian","NOT","NOT","NOT","NOT","TIN","TIN","NOT","OPEN",1292,"TIN_OPEN","NOT","Tinian","",0,1.11764705882353,0.111225635110224,NA,NA
"Diver",38920,"ROT-00889",1.242453324894,0.666666666666667,3.46410161513775,4,1.38629436111989,0.6875,4,5,2022,"MARIAN","Rota","Rota","Forereef","Deep","PAV",14.201946,145.257866,19.20146297,21.03017373,187.5332091,"Rota","Rota","Rota","NOT","NOT","NOT","NOT","ROT","ROT","NOT","OPEN",750,"ROT_OPEN","NOT","Rota","",0,5,1.6094379124341,7,1.94591014905531
"Diver",38921,"ROT-00879",1.09861228866811,0.666666666666667,3,3,1.45000649991816,0.6484375,4.26314222515435,7,2022,"MARIAN","Rota","Rota","Forereef","Mid","PAV",14.200078,145.234837,13.41054557,15.23925632,254.5438529,"Rota","Rota","Rota","NOT","NOT","NOT","NOT","ROT","ROT","NOT","OPEN",1018,"ROT_OPEN","NOT","Rota","",0,2,0.693147180559945,NA,NA
"Diver",38925,"ROT-00845",2.15898440157105,0.810954461510743,8.66233573504665,18,1.99183166745424,0.824617346938776,7.32894566673707,11,2022,"MARIAN","Rota","Rota","Forereef","Mid","AGR",14.151463,145.142447,14.02011582,14.9344712,254.5438529,"Rota","Rota","Rota","NOT","NOT","NOT","NOT","ROT","ROT","NOT","OPEN",1018,"ROT_OPEN","NOT","Rota","",0,1.36507936507937,0.311212569861975,27,3.29583686600433
"Diver",38927,"ROT-00830",2.54837219899188,0.908544340386172,12.7862733247343,16,1.97306825417365,0.833792470156106,7.19271173399006,10,2022,"MARIAN","Rota","Rota","Forereef","Shallow","SAG",14.170434,145.174017,5.18134715,6.400487656,889.2950898,"Rota","Rota","Rota","NOT","NOT","NOT","NOT","ROT","ROT","NOT","OPEN",3557,"ROT_OPEN","NOT","Rota","",0,1.44736842105263,0.369747025506085,NA,NA
"Diver",38940,"ROT-00874",2.2217467694703,0.848337950138504,9.22342800524457,14,1.84187798135081,0.795138888888889,6.30837415276893,9,2022,"MARIAN","Rota","Rota","Forereef","Deep","SAG",14.113576,145.183134,18.89667784,20.42060347,187.5332091,"Rota","Rota","Rota","NOT","NOT","NOT","NOT","ROT","ROT","NOT","OPEN",750,"ROT_OPEN","NOT","Rota","",0,0.853658536585366,-0.158224005214894,23,3.13549421592915
"Diver",38941,"ROT-00872",2.21463478737054,0.855501292731974,9.15806386019881,14,1.87512185601982,0.820987654320988,6.52161376980948,8,2022,"MARIAN","Rota","Rota","Forereef","Mid","AGR",14.123432,145.166732,10.3626943,11.88661993,254.5438529,"Rota","Rota","Rota","NOT","NOT","NOT","NOT","ROT","ROT","NOT","OPEN",1018,"ROT_OPEN","NOT","Rota","",0,0.966666666666667,-0.0339015516756813,17,2.83321334405622
"Diver",38942,"ROT-00866",2.31830294074268,0.883348722683903,10.1584202285298,13,2.10465286410028,0.869806094182826,8.20425452394288,9,2022,"MARIAN","Rota","Rota","Forereef","Shallow","AGR",14.134106,145.155615,4.266991771,5.790917403,889.2950898,"Rota","Rota","Rota","NOT","NOT","NOT","NOT","ROT","ROT","NOT","OPEN",3557,"ROT_OPEN","NOT","Rota","",0,0.676470588235294,-0.390866308687012,18,2.89037175789616
"Diver",38944,"ROT-00848",1.65972461739065,0.739197530864198,5.25786272110631,8,0.693147180559945,0.5,2,2,2022,"MARIAN","Rota","Rota","Forereef","Mid","SAG",14.168004,145.286077,10.3626943,12.49619019,254.5438529,"Rota","Rota","Rota","NOT","NOT","NOT","NOT","ROT","ROT","NOT","OPEN",1018,"ROT_OPEN","NOT","Rota","",0,1.11764705882353,0.111225635110224,5,1.6094379124341
"Diver",38947,"ROT-00867",1.96010272680597,0.831611570247934,7.10005639381077,10,0.949593667716738,0.444444444444445,2.58465921543521,5,2022,"MARIAN","Rota","Rota","Forereef","Shallow","PAV",14.114066,145.203089,4.876562024,5.790917403,889.2950898,"Rota","Rota","Rota","NOT","NOT","NOT","NOT","ROT","ROT","NOT","OPEN",3557,"ROT_OPEN","NOT","Rota","",0,1.2,0.182321556793955,14,2.63905732961526
"Diver",38960,"GUA-02777",1.98109675440268,0.808864265927978,7.25069085305034,10,1.82245668650523,0.825484764542936,6.18703941104566,7,2022,"MARIAN","Guam","GUA_WEST_OPEN","Forereef","Deep","AGR",13.33511,144.634585,21.33495885,21.94452911,438.75,"GUAM_WEST_OPEN","GUA_WEST_OPEN","Guam","GUA_WEST_OPEN","GUA_WEST_OPEN","NOT","NOT","GUA_WEST_OPEN","GUA_WEST","NOT","OPEN",1755,"GUA_WEST_OPEN","NOT","GUA_WEST_OPEN","",0,0.727272727272727,-0.318453731118535,8.5,2.14006616349627
"Diver",38961,"GUA-02730",1.94977515136384,0.778400897292101,7.02710736743388,13,1.33217904021012,0.72,3.789291416276,4,2022,"MARIAN","Guam","GUA_WEST_OPEN","Forereef","Mid","AGR",13.315347,144.646926,14.9344712,16.1536117,1035,"GUAM_WEST_OPEN","GUA_WEST_OPEN","Guam","GUA_WEST_OPEN","GUA_WEST_OPEN","NOT","NOT","GUA_WEST_OPEN","GUA_WEST","NOT","OPEN",4140,"GUA_WEST_OPEN","NOT","GUA_WEST_OPEN","",0,0.436363636363636,-0.829279354884525,NA,NA
"Diver",38964,"GUA-02781",2.38789981819803,0.860806752698645,10.8905976732473,20,2.28724767385629,0.880859375,9.84779600053827,12,2022,"MARIAN","Guam","GUA_WEST_OPEN","Forereef","Deep","AGR",13.24215,144.639531,19.81103322,20.7253886,438.75,"GUAM_WEST_OPEN","GUA_WEST_OPEN","Guam","GUA_WEST_OPEN","GUA_WEST_OPEN","NOT","NOT","GUA_WEST_OPEN","GUA_WEST","NOT","OPEN",1755,"GUA_WEST_OPEN","NOT","GUA_WEST_OPEN","",0,0.819672131147541,-0.198850858745165,3,1.09861228866811
"Diver",38965,"GUA-02737",1.71779507241439,0.741059302851969,5.57222854860742,10,1.95598384658436,0.845679012345679,7.07087225620105,8,2022,"MARIAN","Guam","GUA_WEST_OPEN","Forereef","Mid","AGR",13.255525,144.649654,14.02011582,14.62968607,1035,"GUAM_WEST_OPEN","GUA_WEST_OPEN","Guam","GUA_WEST_OPEN","GUA_WEST_OPEN","NOT","NOT","GUA_WEST_OPEN","GUA_WEST","NOT","OPEN",4140,"GUA_WEST_OPEN","NOT","GUA_WEST_OPEN","",0,0.678571428571429,-0.387765531008763,2,0.693147180559945
"Diver",38966,"GUA-02662",2.56893747107043,0.907804370447451,13.0519489973129,19,1.66094743328692,0.791666666666667,5.26429605180997,6,2022,"MARIAN","Guam","GUA_ACHANG","Forereef","Shallow","AGR",13.241626,144.695292,3.047851265,4.571776897,33.25,"GUAM_MP","GUA_MP","Guam","GUA_MP","GUA_ACHANG","NOT","NOT","GUA_EAST_MPA","GUA_EAST","NOT","ACHG",133,"GUA_EAST_ACHG","NOT","GUA_ACHANG","",0,0.91358024691358,-0.0903840614682691,5,1.6094379124341
"SfM",38540,"GUA-02717",1.89123562113093,0.735113421550095,6.62755276803296,18,1.89604918819021,0.808390022675737,6.65953184268358,10,2022,"MARIAN","Guam","GUA_PITI_BOMB","Forereef","Mid","PAV",13.468966,144.684697,8.229198415,11.58183481,40.25,"GUAM_MP","GUA_MP","Guam","GUA_MP","GUA_MP_MINUS_ACHANG","NOT","NOT","GUA_WEST_MPA","GUA_WEST","NOT","PITI",161,"GUA_WEST_PITI","NOT","GUA_PITI_BOMB","",0,0.323741007194245,-1.12781144336037,13,2.56494935746154
"SfM",38542,"GUA-02672",1.48749672778568,0.646484375,4.42600215173064,12,1.56815010329157,0.716553287981859,4.79776461049204,7,2022,"MARIAN","Guam","GUA_PITI_BOMB","Forereef","Mid","PAV",13.479462,144.706698,4.571776897,5.18134715,40.25,"GUAM_MP","GUA_MP","Guam","GUA_MP","GUA_MP_MINUS_ACHANG","NOT","NOT","GUA_WEST_MPA","GUA_WEST","NOT","PITI",161,"GUA_WEST_PITI","NOT","GUA_PITI_BOMB","",0,0.185185185185185,-1.68639895357023,NA,NA
"SfM",38560,"GUA-02745",1.29508857536426,0.684116597263534,3.65131937676214,5,1.70209325350798,0.786848072562358,5.48541775230535,7,2022,"MARIAN","Guam","GUA_PATI_POINT","Forereef","Deep","AGR",13.614547,144.907654,24.07802499,24.99238037,155.25,"GUAM_MP","GUA_MP","Guam","GUA_MP","GUA_MP_MINUS_ACHANG","NOT","NOT","GUA_EAST_MPA","GUA_EAST","NOT","PATI",621,"GUA_EAST_PATI","NOT","GUA_PATI_POINT","",0,0.28125,-1.26851132546351,NA,NA
"SfM",38561,"GUA-02681",1.75719333046401,0.732994767620806,5.79614667546416,13,2.06249339352793,0.841666666666667,7.86555731018857,11,2022,"MARIAN","Guam","GUA_EAST_OPEN","Forereef","Mid","AGR",13.652454,144.874849,9.143553795,11.88661993,1027.25,"GUAM_EAST_OPEN","GUA_EAST_OPEN","Guam","GUA_EAST_OPEN","GUA_EAST_OPEN","NOT","NOT","GUA_EAST_OPEN","GUA_EAST","NOT","OPEN",4109,"GUA_EAST_OPEN","NOT","GUA_EAST_OPEN","",0,0.325581395348837,-1.1221427860783,NA,NA
"SfM",38562,"GUA-02740",2.31089112567337,0.862513007284079,10.0834062347319,16,1.58013554591716,0.657439446366782,4.85561392527695,10,2022,"MARIAN","Guam","GUA_WEST_OPEN","Forereef","Shallow","AGR",13.654324,144.854606,4.571776897,6.705272783,756.5,"GUAM_WEST_OPEN","GUA_WEST_OPEN","Guam","GUA_WEST_OPEN","GUA_WEST_OPEN","NOT","NOT","GUA_WEST_OPEN","GUA_WEST","NOT","OPEN",3026,"GUA_WEST_OPEN","NOT","GUA_WEST_OPEN","",0,0.631578947368421,-0.45953232937844,7.5,2.01490302054226
"SfM",38563,"GUA-02744",1.17128716919732,0.51594387755102,3.22614255845839,8,1.61519661787672,0.7325,5.02887659330854,9,2022,"MARIAN","Guam","GUA_PATI_POINT","Forereef","Deep","PAV",13.604377,144.921127,19.5062481,19.81103322,155.25,"GUAM_MP","GUA_MP","Guam","GUA_MP","GUA_MP_MINUS_ACHANG","NOT","NOT","GUA_EAST_MPA","GUA_EAST","NOT","PATI",621,"GUA_EAST_PATI","NOT","GUA_PATI_POINT","",0,0.555555555555556,-0.587786664902119,NA,NA
"SfM",38564,"GUA-02702",1.98389430670223,0.81472,7.27100343943329,12,1.66402662075433,0.762688614540466,5.28053078830873,7,2022,"MARIAN","Guam","GUA_PATI_POINT","Forereef","Mid","PAV",13.601985,144.934492,11.27704968,12.19140506,159,"GUAM_MP","GUA_MP","Guam","GUA_MP","GUA_MP_MINUS_ACHANG","NOT","NOT","GUA_EAST_MPA","GUA_EAST","NOT","PATI",636,"GUA_EAST_PATI","NOT","GUA_PATI_POINT","",1,0.675675675675676,-0.392042087776024,26,3.25809653802148
"SfM",38565,"GUA-02684",2.3585607910664,0.877159763313609,10.5757198238652,15,1.56071040904141,0.777777777777778,4.7622031559046,5,2022,"MARIAN","Guam","GUA_EAST_OPEN","Forereef","Shallow","SAG",13.633916,144.89092,5.486132277,6.705272783,421.5,"GUAM_EAST_OPEN","GUA_EAST_OPEN","Guam","GUA_EAST_OPEN","GUA_EAST_OPEN","NOT","NOT","GUA_EAST_OPEN","GUA_EAST","NOT","OPEN",1686,"GUA_EAST_OPEN","NOT","GUA_EAST_OPEN","",0,0.911764705882353,-0.0923733201310152,NA,NA
"SfM",38580,"GUA-02751",0.491160352290295,0.222425127830533,1.63421138113436,4,1.39043779493948,0.714285714285714,4.01660811883826,5,2022,"MARIAN","Guam","GUA_TUMON","Forereef","Deep","AGR",13.512508,144.794288,21.63974398,22.24931423,27.75,"GUAM_MP","GUA_MP","Guam","GUA_MP","GUA_MP_MINUS_ACHANG","NOT","NOT","GUA_WEST_MPA","GUA_WEST","NOT","TUMB",111,"GUA_WEST_TUMB","NOT","GUA_TUMON","",0,0.345454545454545,-1.06289420606603,13,2.56494935746154
"SfM",38581,"GUA-02735",1.82519946677294,0.82,6.204032394014,7,1.91209780480544,0.817901234567901,6.76727033050657,9,2022,"MARIAN","Guam","GUA_WEST_OPEN","Forereef","Mid","PAV",13.504738,144.770644,16.45839683,17.37275221,1035,"GUAM_WEST_OPEN","GUA_WEST_OPEN","Guam","GUA_WEST_OPEN","GUA_WEST_OPEN","NOT","NOT","GUA_WEST_OPEN","GUA_WEST","NOT","OPEN",4140,"GUA_WEST_OPEN","NOT","GUA_WEST_OPEN","",0,0.538461538461538,-0.619039208406224,35,3.55534806148941
"SfM",38582,"GUA-02701",1.90610879019858,0.774422686253645,6.72686217295243,16,1.67159527802125,0.792899408284024,5.32064894480878,6,2022,"MARIAN","Guam","GUA_WEST_OPEN","Forereef","Shallow","AGR",13.564825,144.818855,4.266991771,4.571776897,756.5,"GUAM_WEST_OPEN","GUA_WEST_OPEN","Guam","GUA_WEST_OPEN","GUA_WEST_OPEN","NOT","NOT","GUA_WEST_OPEN","GUA_WEST","NOT","OPEN",3026,"GUA_WEST_OPEN","NOT","GUA_WEST_OPEN","",2,1.59223300970874,0.465137439594563,12,2.484906649788
"SfM",38583,"GUA-02650",2.26464811288206,0.882338120433359,9.62773612864672,12,0.598269588585257,0.408163265306122,1.81896851165317,2,2022,"MARIAN","Guam","GUA_WEST_OPEN","Forereef","Shallow","AGR",13.569112,144.8213,3.352636391,3.657421518,756.5,"GUAM_WEST_OPEN","GUA_WEST_OPEN","Guam","GUA_WEST_OPEN","GUA_WEST_OPEN","NOT","NOT","GUA_WEST_OPEN","GUA_WEST","NOT","OPEN",3026,"GUA_WEST_OPEN","NOT","GUA_WEST_OPEN","",0,0.702702702702703,-0.352821374622742,NA,NA
"SfM",38584,"GUA-02780",1.60217699177614,0.692665289256198,4.96382688070814,12,2.05779823494747,0.856804733727811,7.82871383196299,10,2022,"MARIAN","Guam","GUA_WEST_OPEN","Forereef","Deep","AGR",13.631674,144.838595,19.5062481,21.33495885,438.75,"GUAM_WEST_OPEN","GUA_WEST_OPEN","Guam","GUA_WEST_OPEN","GUA_WEST_OPEN","NOT","NOT","GUA_WEST_OPEN","GUA_WEST","NOT","OPEN",1755,"GUA_WEST_OPEN","NOT","GUA_WEST_OPEN","",0,0.284671532846715,-1.25641927969848,31.5,3.44998754583159
"SfM",38587,"GUA-02784",1.7586934517324,0.704456379735811,5.80484812334848,15,1.77823330579971,0.804733727810651,5.91938942435933,7,2022,"MARIAN","Guam","GUA_WEST_OPEN","Forereef","Shallow","AGR",13.593838,144.836064,1.828710759,5.18134715,756.5,"GUAM_WEST_OPEN","GUA_WEST_OPEN","Guam","GUA_WEST_OPEN","GUA_WEST_OPEN","NOT","NOT","GUA_WEST_OPEN","GUA_WEST","NOT","OPEN",3026,"GUA_WEST_OPEN","NOT","GUA_WEST_OPEN","",0,0.360655737704918,-1.019831410815,NA,NA
"SfM",38620,"GUA-02767",2.03605262451237,0.807888970051132,7.66031131454661,13,1.33217904021012,0.72,3.789291416276,4,2022,"MARIAN","Guam","GUA_EAST_OPEN","Forereef","Deep","AGR",13.439638,144.820239,22.85888449,24.38281012,664.5,"GUAM_EAST_OPEN","GUA_EAST_OPEN","Guam","GUA_EAST_OPEN","GUA_EAST_OPEN","NOT","NOT","GUA_EAST_OPEN","GUA_EAST","NOT","OPEN",2658,"GUA_EAST_OPEN","NOT","GUA_EAST_OPEN","",0,0.681818181818182,-0.382992252256106,NA,NA
"SfM",38622,"GUA-02720",1.79341777472873,0.757243730216703,6.00995808749762,13,1.94109610658634,0.839506172839506,6.96638268523111,8,2022,"MARIAN","Guam","GUA_EAST_OPEN","Forereef","Mid","AGR",13.527454,144.931278,15.54404145,16.45839683,1027.25,"GUAM_EAST_OPEN","GUA_EAST_OPEN","Guam","GUA_EAST_OPEN","GUA_EAST_OPEN","NOT","NOT","GUA_EAST_OPEN","GUA_EAST","NOT","OPEN",4109,"GUA_EAST_OPEN","NOT","GUA_EAST_OPEN","",0,0.541666666666667,-0.613104472886409,NA,NA
"SfM",38623,"GUA-02677",2.35103119731537,0.880868450568819,10.4963879930038,16,1.70780675514223,0.759329367225527,5.51684839962309,9,2022,"MARIAN","Guam","GUA_EAST_OPEN","Forereef","Shallow","AGR",13.486052,144.873026,4.571776897,5.790917403,421.5,"GUAM_EAST_OPEN","GUA_EAST_OPEN","Guam","GUA_EAST_OPEN","GUA_EAST_OPEN","NOT","NOT","GUA_EAST_OPEN","GUA_EAST","NOT","OPEN",1686,"GUA_EAST_OPEN","NOT","GUA_EAST_OPEN","",0,1.19444444444444,0.177681177237452,13.3333333333333,2.59026716544583
"SfM",38640,"GUA-02762",2.32296260846076,0.831628926223521,10.2058655451941,18,2.1704714661878,0.821186057039384,8.76241424907949,15,2022,"MARIAN","Guam","GUA_EAST_OPEN","Forereef","Deep","AGR",13.301457,144.775395,18.89667784,19.81103322,664.5,"GUAM_EAST_OPEN","GUA_EAST_OPEN","Guam","GUA_EAST_OPEN","GUA_EAST_OPEN","NOT","NOT","GUA_EAST_OPEN","GUA_EAST","NOT","OPEN",2658,"GUA_EAST_OPEN","NOT","GUA_EAST_OPEN","",0,0.510204081632653,-0.672944473242426,22.5,3.11351530921037
"SfM",38641,"GUA-02768",2.07567342250393,0.827586206896552,7.96991177021177,12,0.955699891112534,0.571428571428571,2.60049000598966,3,2022,"MARIAN","Guam","GUA_EAST_OPEN","Forereef","Deep","PAV",13.28509,144.766998,18.59189272,20.7253886,664.5,"GUAM_EAST_OPEN","GUA_EAST_OPEN","Guam","GUA_EAST_OPEN","GUA_EAST_OPEN","NOT","NOT","GUA_EAST_OPEN","GUA_EAST","NOT","OPEN",2658,"GUA_EAST_OPEN","NOT","GUA_EAST_OPEN","",0,0.611111111111111,-0.492476485097794,NA,NA
"SfM",38642,"GUA-02727",1.2130075659799,0.65625,3.36358566101486,4,1.27985422583367,0.7,3.59611546662432,4,2022,"MARIAN","Guam","GUA_EAST_OPEN","Forereef","Mid","PAV",13.249366,144.737206,9.753124048,10.05790917,1027.25,"GUAM_EAST_OPEN","GUA_EAST_OPEN","Guam","GUA_EAST_OPEN","GUA_EAST_OPEN","NOT","NOT","GUA_EAST_OPEN","GUA_EAST","NOT","OPEN",4109,"GUA_EAST_OPEN","NOT","GUA_EAST_OPEN","",0,0.333333333333333,-1.09861228866811,2.33333333333333,0.847297860387204
"SfM",38660,"TIN-00883",2.19941192006464,0.856015779092702,9.01970763036924,13,2.11558259784046,0.864197530864198,8.29441666798476,10,2022,"MARIAN","Tinian","Tinian","Forereef","Deep","PAV",15.072696,145.657613,21.63974398,22.55409936,557.103082,"SaTiAg","Tinian","Tinian","NOT","NOT","NOT","NOT","TIN","TIN","NOT","OPEN",2228,"TIN_OPEN","NOT","Tinian","",0,1.29411764705882,0.2578291093021,12.5,2.52572864430826
"SfM",38661,"TIN-00849",0.675438518024244,0.299881936245572,1.96489442869749,6,1.49613723490968,0.736917052331791,4.46441075078039,6,2022,"MARIAN","Tinian","Tinian","Forereef","Mid","PAV",15.048234,145.651459,16.45839683,17.37275221,534.0549959,"SaTiAg","Tinian","Tinian","NOT","NOT","NOT","NOT","TIN","TIN","NOT","OPEN",2136,"TIN_OPEN","NOT","Tinian","",0,0.0547945205479452,-2.9041650800285,NA,NA
"SfM",38662,"TIN-00855",2.39554665113419,0.886326258908294,10.9741954760874,19,2.04935565618256,0.800344728526285,7.76289751944268,14,2022,"MARIAN","Tinian","Tinian","Forereef","Mid","AGR",15.030392,145.65221,9.753124048,10.97226455,534.0549959,"SaTiAg","Tinian","Tinian","NOT","NOT","NOT","NOT","TIN","TIN","NOT","OPEN",2136,"TIN_OPEN","NOT","Tinian","",0,1.01785714285714,0.0176995770994009,18.6666666666667,2.92673940206704
"SfM",38666,"TIN-00846",1.58628546299832,0.675619834710744,4.88556756007317,11,1.87549752563396,0.796597633136095,6.52406420218568,10,2022,"MARIAN","Tinian","Tinian","Forereef","Mid","PAV",14.955508,145.664356,13.71533069,15.23925632,534.0549959,"SaTiAg","Tinian","Tinian","NOT","NOT","NOT","NOT","TIN","TIN","NOT","OPEN",2136,"TIN_OPEN","NOT","Tinian","",0,0.189189189189189,-1.66500776358891,25,3.2188758248682
"SfM",38667,"TIN-00838",2.27770886077072,0.847263313609467,9.75430631438149,17,1.97920451743432,0.847222222222222,7.2369838003579,8,2022,"MARIAN","Tinian","Tinian","Forereef","Mid","PAV",14.941167,145.652918,6.09570253,7.010057909,534.0549959,"SaTiAg","Tinian","Tinian","NOT","NOT","NOT","NOT","TIN","TIN","NOT","OPEN",2136,"TIN_OPEN","NOT","Tinian","",0,1.97142857142857,0.678758443107846,2,0.693147180559945
"SfM",38680,"SAI-01888",2.08447111870468,0.848343582622496,8.04033797263438,14,2.11116590796275,0.847034339229969,8.25786358308631,11,2022,"MARIAN","Saipan","Saipan","Forereef","Deep","AGR",15.173064,145.791975,19.20146297,19.81103322,1985.586578,"SaTiAg","Saipan","Saipan","NOT","NOT","NOT","NOT","SAI","SAI","NOT","OPEN",7942,"SAI_OPEN","NOT","Saipan","",0,0.82051282051282,-0.19782574332992,NA,NA
"SfM",38682,"SAI-01916",1.94818906615881,0.765699477069739,7.0159706106615,18,1.30524756518762,0.656,3.68860215016321,6,2022,"MARIAN","Saipan","Saipan","Forereef","Mid","AGR",15.159922,145.766053,10.3626943,12.19140506,1132.596536,"SaTiAg","Saipan","Saipan","NOT","NOT","NOT","NOT","SAI","SAI","NOT","OPEN",4530,"SAI_OPEN","NOT","Saipan","",0,0.515463917525773,-0.662687973075237,2.57142857142857,0.944461608840852
"SfM",38684,"SAI-01921",2.12592519269129,0.825733657678174,8.38064761631639,16,NA,NA,NA,NA,2022,"MARIAN","Saipan","Saipan","Forereef","Deep","SAG",15.145576,145.747041,22.85888449,25.90673575,1985.586578,"SaTiAg","Saipan","Saipan","NOT","NOT","NOT","NOT","SAI","SAI","NOT","OPEN",7942,"SAI_OPEN","NOT","Saipan","",0,0.494623655913978,-0.703958096664161,NA,NA
"SfM",38685,"SAI-01918",2.44835621503447,0.880543232231779,11.5693136165607,19,2.2227847627577,0.8720999405116,9.23300683211976,12,2022,"MARIAN","Saipan","Saipan","Forereef","Mid","AGR",15.124252,145.753057,9.143553795,9.753124048,1132.596536,"SaTiAg","Saipan","Saipan","NOT","NOT","NOT","NOT","SAI","SAI","NOT","OPEN",4530,"SAI_OPEN","NOT","Saipan","",0,1.5,0.405465108108164,9.25,2.22462355152433
"SfM",38686,"SAI-01920",1.88284777448277,0.771672287244594,6.57219436522461,13,1.98867286051157,0.785875961973744,7.30583146814756,13,2022,"MARIAN","Saipan","Saipan","Forereef","Mid","PAV",15.094726,145.752328,13.10576044,13.71533069,1132.596536,"SaTiAg","Saipan","Saipan","NOT","NOT","NOT","NOT","SAI","SAI","NOT","OPEN",4530,"SAI_OPEN","NOT","Saipan","",0,0.224137931034483,-1.49549365308488,22.5,3.11351530921037
"SfM",38687,"SAI-01909",2.27048393393471,0.857795918367347,9.68408613819668,16,1.67588904312639,0.7776,5.34354367871472,7,2022,"MARIAN","Saipan","Saipan","Forereef","Shallow","AGR",15.104457,145.734591,3.657421518,4.266991771,420.8277658,"SaTiAg","Saipan","Saipan","NOT","NOT","NOT","NOT","SAI","SAI","NOT","OPEN",1683,"SAI_OPEN","NOT","Saipan","",1,2.05263157894737,0.719122666963206,24,3.17805383034795
"SfM",38702,"SAI-01884",1.48519481146564,0.6944,4.41582558244411,7,2.08354099181219,0.849253055681304,8.03286291497627,11,2022,"MARIAN","Saipan","Saipan","Forereef","Mid","PAV",15.272446,145.788958,11.58183481,12.80097531,1132.596536,"SaTiAg","Saipan","Saipan","NOT","NOT","NOT","NOT","SAI","SAI","NOT","OPEN",4530,"SAI_OPEN","NOT","Saipan","",0,0.388888888888889,-0.944461608840851,46,3.8286413964891
"SfM",38703,"SAI-01828",2.43242475286732,0.886396410831597,11.3864579807559,18,1.90966042154043,0.831024930747922,6.75079598435694,8,2022,"MARIAN","Saipan","Saipan","Forereef","Shallow","AGR",15.255131,145.743974,3.047851265,4.876562024,420.8277658,"SaTiAg","Saipan","Saipan","NOT","NOT","NOT","NOT","SAI","SAI","NOT","OPEN",1683,"SAI_OPEN","NOT","Saipan","",0,1.25714285714286,0.228841572428847,5.33333333333333,1.67397643357167
"SfM",38705,"SAI-01882",1.66746193342929,0.78125,5.29870225712421,6,1.48975031885059,0.755555555555556,4.4359877981887,5,2022,"MARIAN","Saipan","Saipan","Forereef","Mid","PAV",15.2811,145.80037,17.37275221,17.67753734,1132.596536,"SaTiAg","Saipan","Saipan","NOT","NOT","NOT","NOT","SAI","SAI","NOT","OPEN",4530,"SAI_OPEN","NOT","Saipan","",0,1.66666666666667,0.510825623765991,NA,NA
"SfM",38706,"SAI-01843",1.76686925525584,0.765522025667707,5.85250195984402,13,1.9867628317984,0.817719899130566,7.29189043839169,12,2022,"MARIAN","Saipan","Saipan","Forereef","Mid","AGR",15.261448,145.774449,12.49619019,13.41054557,1132.596536,"SaTiAg","Saipan","Saipan","NOT","NOT","NOT","NOT","SAI","SAI","NOT","OPEN",4530,"SAI_OPEN","NOT","Saipan","",0,0.248322147651007,-1.39302839330123,162,5.08759633523238
"SfM",38707,"SAI-01820",2.18301093430936,0.859444444444444,8.87298204511363,13,1.5857708352081,0.757396449704142,4.88305395807595,6,2022,"MARIAN","Saipan","Saipan","Forereef","Shallow","SAG",15.252987,145.761916,2.438281012,3.047851265,420.8277658,"SaTiAg","Saipan","Saipan","NOT","NOT","NOT","NOT","SAI","SAI","NOT","OPEN",1683,"SAI_OPEN","NOT","Saipan","",1,1.10714285714286,0.101782694309942,12,2.484906649788
"SfM",38721,"PAG-01278",1.32380628523512,0.591804250803658,3.75769705819949,13,1.67493781239105,0.761139517896275,5.3384631524913,8,2022,"MARIAN","Pagan","Pagan","Forereef","Mid","AGR",18.099024,145.752808,11.58183481,15.23925632,492.5006185,"CNMI_UNPOP","Pagan","Pagan","NOT","NOT","NOT","NOT","PAG","PAG","NOT","OPEN",1970,"PAG_OPEN","NOT","Pagan","",0,1.9344262295082,0.659810760292354,3.11111111111111,1.13497993283898
"SfM",38722,"PAG-01273",1.69281031936192,0.737972751427441,5.43473259799514,12,1.3883114746243,0.662222222222222,4.00807659698561,6,2022,"MARIAN","Pagan","Pagan","Forereef","Mid","ROB",18.123748,145.756369,7.010057909,8.229198415,492.5006185,"CNMI_UNPOP","Pagan","Pagan","NOT","NOT","NOT","NOT","PAG","PAG","NOT","OPEN",1970,"PAG_OPEN","NOT","Pagan","",0,0.985074626865672,-0.0150378773645406,NA,NA
"SfM",38723,"PAG-01266",1.04918338003209,0.508429752066116,2.85531845567781,6,1.5808185358593,0.7578125,4.85893139352062,6,2022,"MARIAN","Pagan","Pagan","Forereef","Shallow","ROB",18.142813,145.75852,4.876562024,5.486132277,449.0588004,"CNMI_UNPOP","Pagan","Pagan","NOT","NOT","NOT","NOT","PAG","PAG","NOT","OPEN",1796,"PAG_OPEN","NOT","Pagan","",0,5.11111111111111,1.63141681915288,NA,NA
"SfM",38724,"PAG-01313",1.93255826589589,0.811851851851852,6.90715800488224,11,1.7984878035877,0.793950850661626,6.04050612271564,8,2022,"MARIAN","Pagan","Pagan","Forereef","Deep","ROB",18.042136,145.705959,24.07802499,26.82109113,571.3645349,"CNMI_UNPOP","Pagan","Pagan","NOT","NOT","NOT","NOT","PAG","PAG","NOT","OPEN",2285,"PAG_OPEN","NOT","Pagan","",0,0.25,-1.38629436111989,4.75,1.55814461804655
"SfM",38725,"PAG-01301",1.86133332694824,0.748173779315648,6.43230742524703,16,2.18157604205094,0.875739644970414,8.8602594018621,10,2022,"MARIAN","Pagan","Pagan","Forereef","Mid","PAV",18.049332,145.706191,16.45839683,17.06796708,492.5006185,"CNMI_UNPOP","Pagan","Pagan","NOT","NOT","NOT","NOT","PAG","PAG","NOT","OPEN",1970,"PAG_OPEN","NOT","Pagan","",0,0.176923076923077,-1.73204023452643,2.9,1.06471073699243
"SfM",38726,"PAG-01288",2.07218960853287,0.83921875,7.94219438937161,12,1.90699110647367,0.788139429606157,6.73280001206871,12,2022,"MARIAN","Pagan","Pagan","Forereef","Mid","AGR",18.059267,145.710993,9.143553795,10.05790917,492.5006185,"CNMI_UNPOP","Pagan","Pagan","NOT","NOT","NOT","NOT","PAG","PAG","NOT","OPEN",1970,"PAG_OPEN","NOT","Pagan","",0,0.684210526315789,-0.379489621704904,2.91666666666667,1.07044141170141
"SfM",38727,"PAG-01253",1.53320477587081,0.697190426638918,4.63300078499842,8,1.58068192736958,0.682445759368836,4.8582676675776,10,2022,"MARIAN","Pagan","Pagan","Forereef","Shallow","ROB",18.080695,145.720098,3.962206644,5.486132277,449.0588004,"CNMI_UNPOP","Pagan","Pagan","NOT","NOT","NOT","NOT","PAG","PAG","NOT","OPEN",1796,"PAG_OPEN","NOT","Pagan","",0,1.81818181818182,0.59783700075562,18.5,2.91777073208428
"SfM",38740,"PAG-01316",1.59159482725917,0.752525252525252,4.91157580038514,17,1.95027800786897,0.81859410430839,7.03064188268835,11,2022,"MARIAN","Pagan","Pagan","Forereef","Deep","AGR",18.104861,145.785961,16.45839683,20.42060347,571.3645349,"CNMI_UNPOP","Pagan","Pagan","NOT","NOT","NOT","NOT","PAG","PAG","NOT","OPEN",2285,"PAG_OPEN","NOT","Pagan","",0,0.843137254901961,-0.170625517030763,NA,NA
"SfM",38740,"PAG-01316",1.77582258949924,0.778061224489796,5.90513664239466,17,1.95027800786897,0.81859410430839,7.03064188268835,11,2022,"MARIAN","Pagan","Pagan","Forereef","Deep","AGR",18.104861,145.785961,16.45839683,20.42060347,571.3645349,"CNMI_UNPOP","Pagan","Pagan","NOT","NOT","NOT","NOT","PAG","PAG","NOT","OPEN",2285,"PAG_OPEN","NOT","Pagan","",0,0.843137254901961,-0.170625517030763,NA,NA
"SfM",38741,"PAG-01298",2.23307124747685,0.870876736111111,9.32847217542954,26,1.87245098883927,0.793650793650794,6.50421864600086,9,2022,"MARIAN","Pagan","Pagan","Forereef","Mid","ROB",18.089328,145.758905,13.71533069,15.54404145,492.5006185,"CNMI_UNPOP","Pagan","Pagan","NOT","NOT","NOT","NOT","PAG","PAG","NOT","OPEN",1970,"PAG_OPEN","NOT","Pagan","",0,0.917808219178082,-0.0857668217574251,NA,NA
"SfM",38741,"PAG-01298",2.1359298978359,0.850206611570248,8.46491435368633,26,1.87245098883927,0.793650793650794,6.50421864600086,9,2022,"MARIAN","Pagan","Pagan","Forereef","Mid","ROB",18.089328,145.758905,13.71533069,15.54404145,492.5006185,"CNMI_UNPOP","Pagan","Pagan","NOT","NOT","NOT","NOT","PAG","PAG","NOT","OPEN",1970,"PAG_OPEN","NOT","Pagan","",0,0.917808219178082,-0.0857668217574251,NA,NA
"SfM",38744,"PAG-01309",2.43014256932018,0.886345242224535,11.3605016235434,17,2.21997986409867,0.8696,9.20714546984295,12,2022,"MARIAN","Pagan","Pagan","Forereef","Deep","AGR",18.16976,145.790484,22.24931423,22.85888449,571.3645349,"CNMI_UNPOP","Pagan","Pagan","NOT","NOT","NOT","NOT","PAG","PAG","NOT","OPEN",2285,"PAG_OPEN","NOT","Pagan","",0,0.476190476190476,-0.741937344729377,NA,NA
"SfM",38745,"PAG-01326",1.81276792365328,0.771227690643591,6.12738411311701,13,1.90868503302918,0.803015274747074,6.74421454576358,11,2022,"MARIAN","Pagan","Pagan","Forereef","Deep","AGR",18.147597,145.811663,19.20146297,19.81103322,571.3645349,"CNMI_UNPOP","Pagan","Pagan","NOT","NOT","NOT","NOT","PAG","PAG","NOT","OPEN",2285,"PAG_OPEN","NOT","Pagan","",0,0.303030303030303,-1.19392246847243,NA,NA
"SfM",38746,"PAG-01274",2.29884887501405,0.859733700642792,9.96270752997999,17,1.83102048111352,0.802469135802469,6.24025146915571,8,2022,"MARIAN","Pagan","Pagan","Forereef","Mid","AGR",18.111985,145.802126,16.1536117,21.03017373,492.5006185,"CNMI_UNPOP","Pagan","Pagan","NOT","NOT","NOT","NOT","PAG","PAG","NOT","OPEN",1970,"PAG_OPEN","NOT","Pagan","",0,1.03076923076923,0.0303053494953288,17,2.83321334405622
"SfM",38760,"MAU-01258",1.92691460241587,0.80054012345679,6.86828612258602,19,1.03972077083992,0.625,2.82842712474619,3,2022,"MARIAN","Maug","Maug","Forereef","Deep","RRB",20.02366,145.238393,18.89667784,20.42060347,87.73461767,"MTMNM","Maug","Maug","NOT","NOT","NOT","NOT","MAU","MAU","NOT","MTMM",351,"MAU_MTMM","NOT","Maug","",1,0.360544217687075,-1.02014067322661,NA,NA
"SfM",38760,"MAU-01258",1.64734977907312,0.758387196060326,5.19319845018919,19,1.03972077083992,0.625,2.82842712474619,3,2022,"MARIAN","Maug","Maug","Forereef","Deep","RRB",20.02366,145.238393,18.89667784,20.42060347,87.73461767,"MTMNM","Maug","Maug","NOT","NOT","NOT","NOT","MAU","MAU","NOT","MTMM",351,"MAU_MTMM","NOT","Maug","",1,0.360544217687075,-1.02014067322661,NA,NA
"SfM",38764,"MAU-01257",2.35530607384776,0.887168634439742,10.541354801007,15,1.93419378170878,0.829639889196676,6.91846401407955,8,2022,"MARIAN","Maug","Maug","Forereef","Deep","AGR",20.031244,145.234455,21.63974398,22.24931423,87.73461767,"MTMNM","Maug","Maug","NOT","NOT","NOT","NOT","MAU","MAU","NOT","MTMM",351,"MAU_MTMM","NOT","Maug","",0,0.540229885057471,-0.615760516944525,11.6666666666667,2.4567357728213
"SfM",38765,"MAU-01243",2.38844865864815,0.884434023035894,10.8965765143412,18,2.25722830483238,0.873985938345051,9.55656454089944,13,2022,"MARIAN","Maug","Maug","Forereef","Mid","AGR",20.034007,145.229619,16.76318196,17.37275221,190.6950207,"MTMNM","Maug","Maug","NOT","NOT","NOT","NOT","MAU","MAU","NOT","MTMM",763,"MAU_MTMM","NOT","Maug","",2,0.317567567567568,-1.14706467205406,5.14285714285714,1.6376087894008
"SfM",38766,"MAU-01225",2.05343615543015,0.832828719723183,7.79463873288653,14,0.474139313057837,0.297520661157025,1.60663079608635,2,2022,"MARIAN","Maug","Maug","Forereef","Mid","ROB",20.03073,145.232888,8.229198415,9.753124048,190.6950207,"MTMNM","Maug","Maug","NOT","NOT","NOT","NOT","MAU","MAU","NOT","MTMM",763,"MAU_MTMM","NOT","Maug","",0,0.658536585365854,-0.417735200699979,NA,NA
"SfM",38767,"MAU-01213",2.02413157928622,0.846564613741545,7.56953454891507,17,1.41427906512471,0.710743801652893,4.11351981682518,5,2022,"MARIAN","Maug","Maug","Forereef","Shallow","ROB",20.029041,145.232302,3.962206644,4.571776897,35.44106339,"MTMNM","Maug","Maug","NOT","NOT","NOT","NOT","MAU","MAU","NOT","MTMM",142,"MAU_MTMM","NOT","Maug","",0,0.775,-0.25489224962879,10,2.30258509299405
"SfM",38767,"MAU-01213",1.45712511055282,0.654320987654321,4.29359814805194,17,1.41427906512471,0.710743801652893,4.11351981682518,5,2022,"MARIAN","Maug","Maug","Forereef","Shallow","ROB",20.029041,145.232302,3.962206644,4.571776897,35.44106339,"MTMNM","Maug","Maug","NOT","NOT","NOT","NOT","MAU","MAU","NOT","MTMM",142,"MAU_MTMM","NOT","Maug","",0,0.775,-0.25489224962879,10,2.30258509299405
"SfM",38781,"MAU-01233",1.88586991453121,0.805590263316211,6.59208650029081,10,1.5857708352081,0.757396449704142,4.88305395807595,6,2022,"MARIAN","Maug","Maug","Forereef","Mid","APS",20.0108,145.212686,14.32490094,14.9344712,190.6950207,"MTMNM","Maug","Maug","NOT","NOT","NOT","NOT","MAU","MAU","NOT","MTMM",763,"MAU_MTMM","NOT","Maug","",0,0.289473684210526,-1.23969088692802,NA,NA
"SfM",38782,"MAU-01245",2.31347411427084,0.872007142277412,10.1094852244268,25,1.72972234152871,0.75,5.63908795049786,8,2022,"MARIAN","Maug","Maug","Forereef","Mid","ROB",20.014516,145.20871,6.705272783,9.143553795,190.6950207,"MTMNM","Maug","Maug","NOT","NOT","NOT","NOT","MAU","MAU","NOT","MTMM",763,"MAU_MTMM","NOT","Maug","",0,0.88,-0.127833371509885,9,2.19722457733622
"SfM",38782,"MAU-01245",1.95990085815094,0.837777777777778,7.09862325963321,25,1.72972234152871,0.75,5.63908795049786,8,2022,"MARIAN","Maug","Maug","Forereef","Mid","ROB",20.014516,145.20871,6.705272783,9.143553795,190.6950207,"MTMNM","Maug","Maug","NOT","NOT","NOT","NOT","MAU","MAU","NOT","MTMM",763,"MAU_MTMM","NOT","Maug","",0,0.88,-0.127833371509885,9,2.19722457733622
"SfM",38783,"MAU-01215",1.64100907817864,0.743484224965707,5.16037410677645,10,1.35178399428965,0.73469387755102,3.86431329785834,4,2022,"MARIAN","Maug","Maug","Forereef","Shallow","ROB",20.015957,145.207474,3.352636391,3.962206644,35.44106339,"MTMNM","Maug","Maug","NOT","NOT","NOT","NOT","MAU","MAU","NOT","MTMM",142,"MAU_MTMM","NOT","Maug","",0,0.269230769230769,-1.31218638896617,NA,NA
"SfM",38783,"MAU-01215",0.636514168294813,0.444444444444444,1.88988157484231,10,1.35178399428965,0.73469387755102,3.86431329785834,4,2022,"MARIAN","Maug","Maug","Forereef","Shallow","ROB",20.015957,145.207474,3.352636391,3.962206644,35.44106339,"MTMNM","Maug","Maug","NOT","NOT","NOT","NOT","MAU","MAU","NOT","MTMM",142,"MAU_MTMM","NOT","Maug","",0,0.269230769230769,-1.31218638896617,NA,NA
"SfM",38785,"MAU-01226",2.32538177202242,0.884844298012541,10.2305850914935,15,2.31912967806435,0.884260355029586,10.1668220462314,13,2022,"MARIAN","Maug","Maug","Forereef","Mid","AGR",20.037076,145.219743,16.1536117,17.37275221,190.6950207,"MTMNM","Maug","Maug","NOT","NOT","NOT","NOT","MAU","MAU","NOT","MTMM",763,"MAU_MTMM","NOT","Maug","",1,0.331034482758621,-1.10553273151268,9.83333333333333,2.28577797467766
"SfM",38787,"MAU-01207",1.77488107186467,0.807394699065159,5.89957946861041,10,1.3929083621209,0.698060941828255,4.02654368722825,5,2022,"MARIAN","Maug","Maug","Forereef","Shallow","ROB",20.024278,145.210172,2.438281012,3.352636391,35.44106339,"MTMNM","Maug","Maug","NOT","NOT","NOT","NOT","MAU","MAU","NOT","MTMM",142,"MAU_MTMM","NOT","Maug","",0,1.91379310344828,0.649087190765915,NA,NA
"SfM",38800,"MAU-01263",2.21537846669334,0.854987173683416,9.16487705603097,16,1.51245117846645,0.76530612244898,4.53784022940234,5,2022,"MARIAN","Maug","Maug","Forereef","Deep","AGR",20.028995,145.207629,18.59189272,20.42060347,87.73461767,"MTMNM","Maug","Maug","NOT","NOT","NOT","NOT","MAU","MAU","NOT","MTMM",351,"MAU_MTMM","NOT","Maug","",0,0.21551724137931,-1.53471436623816,1.8,0.587786664902119
"SfM",38802,"MAU-01242",2.14064297022133,0.859418282548476,8.50490427143543,22,1.70947277658421,0.782222222222222,5.52604724796058,7,2022,"MARIAN","Maug","Maug","Forereef","Mid","AGR",20.02085,145.207623,7.314843036,7.924413289,190.6950207,"MTMNM","Maug","Maug","NOT","NOT","NOT","NOT","MAU","MAU","NOT","MTMM",763,"MAU_MTMM","NOT","Maug","",0,0.344827586206897,-1.06471073699243,14,2.63905732961526
"SfM",38802,"MAU-01242",2.16965751545397,0.862581796549673,8.75528497740288,22,1.70947277658421,0.782222222222222,5.52604724796058,7,2022,"MARIAN","Maug","Maug","Forereef","Mid","AGR",20.02085,145.207623,7.314843036,7.924413289,190.6950207,"MTMNM","Maug","Maug","NOT","NOT","NOT","NOT","MAU","MAU","NOT","MTMM",763,"MAU_MTMM","NOT","Maug","",0,0.344827586206897,-1.06471073699243,14,2.63905732961526
"SfM",38805,"MAU-01248",2.10575607940498,0.848925915286157,8.21331057756734,19,1.63800889728803,0.732570239334027,5.14491525226838,8,2022,"MARIAN","Maug","Maug","Forereef","Mid","ROB",20.011861,145.219944,12.80097531,15.23925632,190.6950207,"MTMNM","Maug","Maug","NOT","NOT","NOT","NOT","MAU","MAU","NOT","MTMM",763,"MAU_MTMM","NOT","Maug","",0,0.47244094488189,-0.749842524236491,NA,NA
"SfM",38805,"MAU-01248",1.69574253416963,0.8,5.45069178784675,19,1.63800889728803,0.732570239334027,5.14491525226838,8,2022,"MARIAN","Maug","Maug","Forereef","Mid","ROB",20.011861,145.219944,12.80097531,15.23925632,190.6950207,"MTMNM","Maug","Maug","NOT","NOT","NOT","NOT","MAU","MAU","NOT","MTMM",763,"MAU_MTMM","NOT","Maug","",0,0.47244094488189,-0.749842524236491,NA,NA
"SfM",38806,"MAU-01247",1.73402304603526,0.720990325100655,5.66339222675348,16,1.51366350478222,0.770083102493075,4.54334490858874,5,2022,"MARIAN","Maug","Maug","Forereef","Mid","AGR",20.01815,145.21206,12.80097531,13.41054557,190.6950207,"MTMNM","Maug","Maug","NOT","NOT","NOT","NOT","MAU","MAU","NOT","MTMM",763,"MAU_MTMM","NOT","Maug","",0,0.342857142857143,-1.07044141170141,NA,NA
"SfM",38806,"MAU-01247",1.35797785498732,0.680555555555556,3.88832259447933,16,1.51366350478222,0.770083102493075,4.54334490858874,5,2022,"MARIAN","Maug","Maug","Forereef","Mid","AGR",20.01815,145.21206,12.80097531,13.41054557,190.6950207,"MTMNM","Maug","Maug","NOT","NOT","NOT","NOT","MAU","MAU","NOT","MTMM",763,"MAU_MTMM","NOT","Maug","",0,0.342857142857143,-1.07044141170141,NA,NA
"SfM",38820,"ASC-00632",1.89265239403975,0.741417092768444,6.63694915995146,14,1.93465463346508,0.787639710716634,6.92165313517092,12,2022,"MARIAN","Asuncion","Asuncion","Forereef","Deep","ROB",19.698668,145.418563,18.59189272,20.11581835,64.03633046,"MTMNM","Asuncion","Asuncion","NOT","NOT","NOT","NOT","ASC","ASC","NOT","MTMM",256,"ASC_MTMM","NOT","Asuncion","",0,0.39622641509434,-0.925769475828699,NA,NA
"SfM",38822,"ASC-00601",2.28906211602165,0.87019890260631,9.86568047710511,15,0.953271014705891,0.506666666666667,2.59418140167992,4,2022,"MARIAN","Asuncion","Asuncion","Forereef","Mid","SAG",19.677024,145.410765,10.05790917,13.10576044,130.7967187,"MTMNM","Asuncion","Asuncion","NOT","NOT","NOT","NOT","ASC","ASC","NOT","MTMM",523,"ASC_MTMM","NOT","Asuncion","",0,0.459459459459459,-0.777704568588008,14,2.63905732961526
"SfM",38823,"ASC-00594",2.15490398264987,0.864265927977839,8.62706179158696,21,0,0,1,1,2022,"MARIAN","Asuncion","Asuncion","Forereef","Shallow","ROB",19.680538,145.393456,3.047851265,4.876562024,53.77229254,"MTMNM","Asuncion","Asuncion","NOT","NOT","NOT","NOT","ASC","ASC","NOT","MTMM",215,"ASC_MTMM","NOT","Asuncion","",0,1.42857142857143,0.356674943938732,NA,NA
"SfM",38823,"ASC-00594",2.16776327691978,0.873333333333333,8.73871607690009,21,0,0,1,1,2022,"MARIAN","Asuncion","Asuncion","Forereef","Shallow","ROB",19.680538,145.393456,3.047851265,4.876562024,53.77229254,"MTMNM","Asuncion","Asuncion","NOT","NOT","NOT","NOT","ASC","ASC","NOT","MTMM",215,"ASC_MTMM","NOT","Asuncion","",0,1.42857142857143,0.356674943938732,NA,NA
"SfM",38824,"ASC-00637",2.15605993122952,0.850624876016663,8.63703999744687,13,1.76435128062041,0.804866850321396,5.83778404579867,7,2022,"MARIAN","Asuncion","Asuncion","Forereef","Deep","ROB",19.680868,145.41562,23.16366961,24.99238037,64.03633046,"MTMNM","Asuncion","Asuncion","NOT","NOT","NOT","NOT","ASC","ASC","NOT","MTMM",256,"ASC_MTMM","NOT","Asuncion","",0,1.21875,0.19782574332992,15.5,2.7408400239252
"SfM",38825,"ASC-00614",2.14607912853059,0.848828420256992,8.55126417317432,21,1.12753478981913,0.551020408163265,3.08803445503579,5,2022,"MARIAN","Asuncion","Asuncion","Forereef","Mid","ROB",19.704035,145.413804,12.49619019,13.41054557,130.7967187,"MTMNM","Asuncion","Asuncion","NOT","NOT","NOT","NOT","ASC","ASC","NOT","MTMM",523,"ASC_MTMM","NOT","Asuncion","",0,1.48529411764706,0.395612811665153,3.66666666666667,1.29928298413026
"SfM",38825,"ASC-00614",1.84009802273554,0.810167658193618,6.29715549518244,21,1.12753478981913,0.551020408163265,3.08803445503579,5,2022,"MARIAN","Asuncion","Asuncion","Forereef","Mid","ROB",19.704035,145.413804,12.49619019,13.41054557,130.7967187,"MTMNM","Asuncion","Asuncion","NOT","NOT","NOT","NOT","ASC","ASC","NOT","MTMM",523,"ASC_MTMM","NOT","Asuncion","",0,1.48529411764706,0.395612811665153,3.66666666666667,1.29928298413026
"SfM",38828,"ASC-00585",1.80915818444125,0.81994459833795,6.10530572699861,7,0.500402423538188,0.32,1.64938488846612,2,2022,"MARIAN","Asuncion","Asuncion","Forereef","Shallow","ROB",19.694044,145.38995,2.133495885,4.266991771,53.77229254,"MTMNM","Asuncion","Asuncion","NOT","NOT","NOT","NOT","ASC","ASC","NOT","MTMM",215,"ASC_MTMM","NOT","Asuncion","",0,2.16666666666667,0.773189888233482,4,1.38629436111989
"SfM",38840,"ASC-00626",2.46070605192369,0.884359651174446,11.7130786628506,20,1.03972077083992,0.625,2.82842712474619,3,2022,"MARIAN","Asuncion","Asuncion","Forereef","Deep","AGR",19.683353,145.38745,18.59189272,19.5062481,64.03633046,"MTMNM","Asuncion","Asuncion","NOT","NOT","NOT","NOT","ASC","ASC","NOT","MTMM",256,"ASC_MTMM","NOT","Asuncion","",0,0.262773722627737,-1.33646198737201,NA,NA
"SfM",38841,"ASC-00611",1.70312378283834,0.732199117832388,5.49107354992053,23,1.89201454587884,0.818525519848771,6.63271714397103,9,2022,"MARIAN","Asuncion","Asuncion","Forereef","Mid","PAV",19.674966,145.400707,10.05790917,10.66747943,130.7967187,"MTMNM","Asuncion","Asuncion","NOT","NOT","NOT","NOT","ASC","ASC","NOT","MTMM",523,"ASC_MTMM","NOT","Asuncion","",0,1.69512195121951,0.527754685866439,45,3.80666248977032
"SfM",38841,"ASC-00611",1.82346797383253,0.744375090724343,6.19329945041127,23,1.89201454587884,0.818525519848771,6.63271714397103,9,2022,"MARIAN","Asuncion","Asuncion","Forereef","Mid","PAV",19.674966,145.400707,10.05790917,10.66747943,130.7967187,"MTMNM","Asuncion","Asuncion","NOT","NOT","NOT","NOT","ASC","ASC","NOT","MTMM",523,"ASC_MTMM","NOT","Asuncion","",0,1.69512195121951,0.527754685866439,45,3.80666248977032
"SfM",38843,"ASC-00590",2.10401248193432,0.83265306122449,8.19900234754034,11,0,0,1,1,2022,"MARIAN","Asuncion","Asuncion","Forereef","Shallow","AGR",19.683009,145.389745,3.657421518,3.962206644,53.77229254,"MTMNM","Asuncion","Asuncion","NOT","NOT","NOT","NOT","ASC","ASC","NOT","MTMM",215,"ASC_MTMM","NOT","Asuncion","",0,0.944444444444444,-0.0571584138399486,NA,NA
"SfM",38844,"ASC-00627",2.43102827459266,0.879997503199026,11.3705681370534,22,2.35032725972887,0.87603305785124,10.4890017909906,13,2022,"MARIAN","Asuncion","Asuncion","Forereef","Deep","AGR",19.699728,145.390976,19.5062481,22.85888449,64.03633046,"MTMNM","Asuncion","Asuncion","NOT","NOT","NOT","NOT","ASC","ASC","NOT","MTMM",256,"ASC_MTMM","NOT","Asuncion","",2,0.291970802919708,-1.23110147171419,21,3.04452243772342
"SfM",38845,"ASC-00613",2.30592338201631,0.85840830449827,10.0334386731465,15,0,1,1,0,2022,"MARIAN","Asuncion","Asuncion","Forereef","Mid","AGR",19.707896,145.399214,16.1536117,17.37275221,130.7967187,"MTMNM","Asuncion","Asuncion","NOT","NOT","NOT","NOT","ASC","ASC","NOT","MTMM",523,"ASC_MTMM","NOT","Asuncion","",0,0.491228070175439,-0.710846757659346,NA,NA
"SfM",38846,"ASC-00623",2.30341732272995,0.861606874586864,10.0083257613516,27,1.64407279583317,0.790123456790123,5.17620827936293,6,2022,"MARIAN","Asuncion","Asuncion","Forereef","Mid","ROB",19.708138,145.403998,11.27704968,11.58183481,130.7967187,"MTMNM","Asuncion","Asuncion","NOT","NOT","NOT","NOT","ASC","ASC","NOT","MTMM",523,"ASC_MTMM","NOT","Asuncion","",2,0.608695652173913,-0.496436886313891,17,2.83321334405622
"SfM",38846,"ASC-00623",1.72509471595844,0.73015873015873,5.61305265017781,27,1.64407279583317,0.790123456790123,5.17620827936293,6,2022,"MARIAN","Asuncion","Asuncion","Forereef","Mid","ROB",19.708138,145.403998,11.27704968,11.58183481,130.7967187,"MTMNM","Asuncion","Asuncion","NOT","NOT","NOT","NOT","ASC","ASC","NOT","MTMM",523,"ASC_MTMM","NOT","Asuncion","",2,0.608695652173913,-0.496436886313891,17,2.83321334405622
"SfM",38847,"ASC-00612",2.53600105425489,0.882978135533902,12.6290669034521,22,1.4205719259467,0.661157024793388,4.1394872435294,6,2022,"MARIAN","Asuncion","Asuncion","Forereef","Shallow","AGR",19.693992,145.389297,11.58183481,13.71533069,53.77229254,"MTMNM","Asuncion","Asuncion","NOT","NOT","NOT","NOT","ASC","ASC","NOT","MTMM",215,"ASC_MTMM","NOT","Asuncion","",1,1.14814814814815,0.138150338480817,4.5,1.50407739677627
"SfM",38860,"PAG-01305",2.19128623198756,0.839506172839506,8.94671326596829,26,2.23712622343925,0.851367419738407,9.36637570287637,13,2022,"MARIAN","Pagan","Pagan","Forereef","Deep","AGR",18.065028,145.745486,18.89667784,20.7253886,571.3645349,"CNMI_UNPOP","Pagan","Pagan","NOT","NOT","NOT","NOT","PAG","PAG","NOT","OPEN",2285,"PAG_OPEN","NOT","Pagan","",0,1.75,0.559615787935423,6.25,1.83258146374831
"SfM",38860,"PAG-01305",2.07616032551223,0.844993141289438,7.97379328911352,26,2.23712622343925,0.851367419738407,9.36637570287637,13,2022,"MARIAN","Pagan","Pagan","Forereef","Deep","AGR",18.065028,145.745486,18.89667784,20.7253886,571.3645349,"CNMI_UNPOP","Pagan","Pagan","NOT","NOT","NOT","NOT","PAG","PAG","NOT","OPEN",2285,"PAG_OPEN","NOT","Pagan","",0,1.75,0.559615787935423,6.25,1.83258146374831
"SfM",38861,"PAG-01295",2.16427788978636,0.844060799399512,8.70831128533725,14,1.38820402817423,0.689342403628118,4.00764596651891,6,2022,"MARIAN","Pagan","Pagan","Forereef","Mid","AGR",18.046889,145.726766,15.23925632,16.76318196,492.5006185,"CNMI_UNPOP","Pagan","Pagan","NOT","NOT","NOT","NOT","PAG","PAG","NOT","OPEN",1970,"PAG_OPEN","NOT","Pagan","",0,0.46,-0.776528789498996,6,1.79175946922805
"SfM",38862,"PAG-01251",1.89865995143727,0.761454773219319,6.67694101939189,17,1.31372706684573,0.638941398865785,3.72001264266719,7,2022,"MARIAN","Pagan","Pagan","Forereef","Shallow","ROB",18.085918,145.73531,4.571776897,5.486132277,449.0588004,"CNMI_UNPOP","Pagan","Pagan","NOT","NOT","NOT","NOT","PAG","PAG","NOT","OPEN",1796,"PAG_OPEN","NOT","Pagan","",0,1.91397849462366,0.649184057138829,45,3.80666248977032
"SfM",38863,"PAG-01254",1.47507631105469,0.73469387755102,4.37136934400712,5,1.49440321137961,0.755102040816326,4.45667606549186,5,2022,"MARIAN","Pagan","Pagan","Forereef","Shallow","ROB",18.132332,145.759921,3.047851265,4.571776897,449.0588004,"CNMI_UNPOP","Pagan","Pagan","NOT","NOT","NOT","NOT","PAG","PAG","NOT","OPEN",1796,"PAG_OPEN","NOT","Pagan","",0,0.75,-0.287682072451781,NA,NA
"SfM",38864,"PAG-01324",1.51652181869176,0.723140495867769,4.55634979170184,6,1.55373052069565,0.667822869695919,4.72907924467734,10,2022,"MARIAN","Pagan","Pagan","Forereef","Deep","ROB",18.150932,145.754822,20.42060347,21.63974398,571.3645349,"CNMI_UNPOP","Pagan","Pagan","NOT","NOT","NOT","NOT","PAG","PAG","NOT","OPEN",2285,"PAG_OPEN","NOT","Pagan","",0,1.2,0.182321556793955,30,3.40119738166216
"SfM",38881,"SAI-01857",1.65335219348589,0.664147140337616,5.22446391969551,21,1.67311836264325,0.795918367346939,5.32875891791554,6,2022,"MARIAN","Saipan","Saipan","Forereef","Mid","AGR",15.203029,145.697777,17.37275221,17.98232246,1132.596536,"SaTiAg","Saipan","Saipan","NOT","NOT","NOT","NOT","SAI","SAI","NOT","OPEN",4530,"SAI_OPEN","NOT","Saipan","",0,0.376811594202899,-0.976009966575777,NA,NA
"SfM",38881,"SAI-01857",1.61352154484459,0.69921875,5.02045990899363,21,1.67311836264325,0.795918367346939,5.32875891791554,6,2022,"MARIAN","Saipan","Saipan","Forereef","Mid","AGR",15.203029,145.697777,17.37275221,17.98232246,1132.596536,"SaTiAg","Saipan","Saipan","NOT","NOT","NOT","NOT","SAI","SAI","NOT","OPEN",4530,"SAI_OPEN","NOT","Saipan","",0,0.376811594202899,-0.976009966575777,NA,NA
"SfM",38882,"SAI-01854",1.81243802802326,0.742858722239881,6.12536304926301,15,1.92170630434303,0.78707075962539,6.8326070355239,14,2022,"MARIAN","Saipan","Saipan","Forereef","Shallow","AGR",15.241284,145.699827,14.9344712,15.54404145,420.8277658,"SaTiAg","Saipan","Saipan","NOT","NOT","NOT","NOT","SAI","SAI","NOT","OPEN",1683,"SAI_OPEN","NOT","Saipan","",0,0.358585858585859,-1.02558715365322,61,4.11087386417331
"SfM",38885,"SAI-01859",2.2629237346791,0.864594172736733,9.61114857603998,17,2.02291288121621,0.835901707621824,7.56031519071753,11,2022,"MARIAN","Saipan","Saipan","Forereef","Deep","AGR",15.142486,145.675647,18.59189272,19.5062481,1985.586578,"SaTiAg","Saipan","Saipan","NOT","NOT","NOT","NOT","SAI","SAI","NOT","OPEN",7942,"SAI_OPEN","NOT","Saipan","",0,0.771428571428571,-0.259511195485085,9.88888888888889,2.29141179239592
"SfM",38886,"SAI-01852",1.87941442463096,0.792483357988166,6.54966841453719,14,1.87105799488257,0.807996668054977,6.49516461630234,10,2022,"MARIAN","Saipan","Saipan","Forereef","Mid","AGR",15.163473,145.693446,10.66747943,11.58183481,1132.596536,"SaTiAg","Saipan","Saipan","NOT","NOT","NOT","NOT","SAI","SAI","NOT","OPEN",4530,"SAI_OPEN","NOT","Saipan","",0,0.424657534246575,-0.856472236663245,11.25,2.42036812865043
"SfM",38901,"TIN-00868",2.21999946200491,0.864600523853503,9.20732591238476,17,2.11868300773506,0.861293726158591,8.32017266593584,11,2022,"MARIAN","Tinian","Tinian","Forereef","Mid","AGR",15.07149,145.611553,14.9344712,17.06796708,534.0549959,"SaTiAg","Tinian","Tinian","NOT","NOT","NOT","NOT","TIN","TIN","NOT","OPEN",2136,"TIN_OPEN","NOT","Tinian","",0,0.668831168831169,-0.402223614183993,54.5,3.9982007016692
"SfM",38902,"TIN-00848",2.33416629608525,0.873519103705832,10.3208518070004,18,2.3459095565391,0.878013148283419,10.4427666959785,15,2022,"MARIAN","Tinian","Tinian","Forereef","Mid","SAG",15.08859,145.631118,9.143553795,12.19140506,534.0549959,"SaTiAg","Tinian","Tinian","NOT","NOT","NOT","NOT","TIN","TIN","NOT","OPEN",2136,"TIN_OPEN","NOT","Tinian","",0,0.629834254143646,-0.46229858287133,36,3.58351893845611
"SfM",38904,"TIN-00884",1.5797711259721,0.749586776859504,4.8538447650953,8,1.85852175644121,0.808884297520661,6.414247939054,9,2022,"MARIAN","Tinian","Tinian","Forereef","Deep","AGR",14.970555,145.60753,23.46845474,24.68759525,557.103082,"SaTiAg","Tinian","Tinian","NOT","NOT","NOT","NOT","TIN","TIN","NOT","OPEN",2228,"TIN_OPEN","NOT","Tinian","",0,0.341463414634146,-1.07451473708905,7.8,2.05412373369555
"SfM",38906,"TIN-00830",1.2940143990229,0.657596371882086,3.64739932166502,6,1.72722841661659,0.756143667296786,5.62504201061622,8,2022,"MARIAN","Tinian","Tinian","Forereef","Shallow","PAV",14.94205,145.628084,5.18134715,5.790917403,323.0482252,"SaTiAg","Tinian","Tinian","NOT","NOT","NOT","NOT","TIN","TIN","NOT","OPEN",1292,"TIN_OPEN","NOT","Tinian","",0,0.909090909090909,-0.0953101798043249,1.09090909090909,0.0870113769896297
"SfM",38920,"ROT-00889",0.636514168294813,0.444444444444444,1.88988157484231,2,0.955699891112534,0.571428571428571,2.60049000598966,3,2022,"MARIAN","Rota","Rota","Forereef","Deep","PAV",14.201946,145.257866,19.20146297,21.03017373,187.5332091,"Rota","Rota","Rota","NOT","NOT","NOT","NOT","ROT","ROT","NOT","OPEN",750,"ROT_OPEN","NOT","Rota","",0,NA,NA,NA,NA
"SfM",38921,"ROT-00879",0,1,1,0,1.47080847632211,0.74,4.35275281648062,5,2022,"MARIAN","Rota","Rota","Forereef","Mid","PAV",14.200078,145.234837,13.41054557,15.23925632,254.5438529,"Rota","Rota","Rota","NOT","NOT","NOT","NOT","ROT","ROT","NOT","OPEN",1018,"ROT_OPEN","NOT","Rota","",NA,NA,NA,9,2.19722457733622
"SfM",38925,"ROT-00845",1.80806140065293,0.738184942825038,6.09861319745433,27,2.28108441978652,0.866122448979592,9.78728818581324,14,2022,"MARIAN","Rota","Rota","Forereef","Mid","AGR",14.151463,145.142447,14.02011582,14.9344712,254.5438529,"Rota","Rota","Rota","NOT","NOT","NOT","NOT","ROT","ROT","NOT","OPEN",1018,"ROT_OPEN","NOT","Rota","",0,1.15584415584416,0.144830947878456,69,4.23410650459726
"SfM",38925,"ROT-00845",1.99733110824275,0.785289345592212,7.36936180067969,27,2.28108441978652,0.866122448979592,9.78728818581324,14,2022,"MARIAN","Rota","Rota","Forereef","Mid","AGR",14.151463,145.142447,14.02011582,14.9344712,254.5438529,"Rota","Rota","Rota","NOT","NOT","NOT","NOT","ROT","ROT","NOT","OPEN",1018,"ROT_OPEN","NOT","Rota","",0,1.15584415584416,0.144830947878456,69,4.23410650459726
"SfM",38927,"ROT-00830",2.39875768391206,0.888459250446163,11.0094906140679,15,1.9204100408811,0.826880934989043,6.8237559146057,9,2022,"MARIAN","Rota","Rota","Forereef","Shallow","SAG",14.170434,145.174017,5.18134715,6.400487656,889.2950898,"Rota","Rota","Rota","NOT","NOT","NOT","NOT","ROT","ROT","NOT","OPEN",3557,"ROT_OPEN","NOT","Rota","",0,1.1025641025641,0.0976384695639161,11.3333333333333,2.42774823594805
"SfM",38940,"ROT-00874",2.04720738439956,0.823972050524053,7.74623860609089,12,1.92525854247821,0.807888970051132,6.856921242157,10,2022,"MARIAN","Rota","Rota","Forereef","Deep","SAG",14.113576,145.183134,18.89667784,20.42060347,187.5332091,"Rota","Rota","Rota","NOT","NOT","NOT","NOT","ROT","ROT","NOT","OPEN",750,"ROT_OPEN","NOT","Rota","",0,0.525,-0.644357016390513,36,3.58351893845611
"SfM",38941,"ROT-00872",1.84989815186856,0.808641975308642,6.35917181985138,8,1.03972077083992,0.625,2.82842712474619,3,2022,"MARIAN","Rota","Rota","Forereef","Mid","AGR",14.123432,145.166732,10.3626943,11.88661993,254.5438529,"Rota","Rota","Rota","NOT","NOT","NOT","NOT","ROT","ROT","NOT","OPEN",1018,"ROT_OPEN","NOT","Rota","",0,1,0,3,1.09861228866811
"SfM",38942,"ROT-00866",1.85750042638695,0.816635160680529,6.40770021911913,8,2.2542010763026,0.878048780487805,9.52767838063845,12,2022,"MARIAN","Rota","Rota","Forereef","Shallow","AGR",14.134106,145.155615,4.266991771,5.790917403,889.2950898,"Rota","Rota","Rota","NOT","NOT","NOT","NOT","ROT","ROT","NOT","OPEN",3557,"ROT_OPEN","NOT","Rota","",0,1.09090909090909,0.0870113769896297,NA,NA
"SfM",38944,"ROT-00848",1.3876860499686,0.6325,4.00557063078811,9,1.67865670986965,0.795138888888889,5.35835331145598,6,2022,"MARIAN","Rota","Rota","Forereef","Mid","SAG",14.168004,145.286077,10.3626943,12.49619019,254.5438529,"Rota","Rota","Rota","NOT","NOT","NOT","NOT","ROT","ROT","NOT","OPEN",1018,"ROT_OPEN","NOT","Rota","",0,0.285714285714286,-1.25276296849537,11,2.39789527279837
"SfM",38944,"ROT-00848",0.500402423538188,0.32,1.64938488846612,9,1.67865670986965,0.795138888888889,5.35835331145598,6,2022,"MARIAN","Rota","Rota","Forereef","Mid","SAG",14.168004,145.286077,10.3626943,12.49619019,254.5438529,"Rota","Rota","Rota","NOT","NOT","NOT","NOT","ROT","ROT","NOT","OPEN",1018,"ROT_OPEN","NOT","Rota","",0,0.285714285714286,-1.25276296849537,11,2.39789527279837
"SfM",38947,"ROT-00867",1.99055512345055,0.837606837606838,7.31959591404784,10,0.729871209983116,0.417777777777778,2.07481337521643,3,2022,"MARIAN","Rota","Rota","Forereef","Shallow","PAV",14.114066,145.203089,4.876562024,5.790917403,889.2950898,"Rota","Rota","Rota","NOT","NOT","NOT","NOT","ROT","ROT","NOT","OPEN",3557,"ROT_OPEN","NOT","Rota","",0,0.772727272727273,-0.2578291093021,NA,NA
"SfM",38960,"GUA-02777",1.30309240376172,0.641975308641975,3.68066117720662,6,1.19354960409813,0.66,3.29876977693224,4,2022,"MARIAN","Guam","GUA_WEST_OPEN","Forereef","Deep","AGR",13.33511,144.634585,21.33495885,21.94452911,438.75,"GUAM_WEST_OPEN","GUA_WEST_OPEN","Guam","GUA_WEST_OPEN","GUA_WEST_OPEN","NOT","NOT","GUA_WEST_OPEN","GUA_WEST","NOT","OPEN",1755,"GUA_WEST_OPEN","NOT","GUA_WEST_OPEN","",0,0.833333333333333,-0.182321556793955,NA,NA
"SfM",38960,"GUA-02777",0,0,1,6,1.19354960409813,0.66,3.29876977693224,4,2022,"MARIAN","Guam","GUA_WEST_OPEN","Forereef","Deep","AGR",13.33511,144.634585,21.33495885,21.94452911,438.75,"GUAM_WEST_OPEN","GUA_WEST_OPEN","Guam","GUA_WEST_OPEN","GUA_WEST_OPEN","NOT","NOT","GUA_WEST_OPEN","GUA_WEST","NOT","OPEN",1755,"GUA_WEST_OPEN","NOT","GUA_WEST_OPEN","",0,0.833333333333333,-0.182321556793955,NA,NA
"SfM",38961,"GUA-02730",1.52926799822722,0.684499314128944,4.61479754564799,8,1.63052332276844,0.759002770083103,5.10654639139684,7,2022,"MARIAN","Guam","GUA_WEST_OPEN","Forereef","Mid","AGR",13.315347,144.646926,14.9344712,16.1536117,1035,"GUAM_WEST_OPEN","GUA_WEST_OPEN","Guam","GUA_WEST_OPEN","GUA_WEST_OPEN","NOT","NOT","GUA_WEST_OPEN","GUA_WEST","NOT","OPEN",4140,"GUA_WEST_OPEN","NOT","GUA_WEST_OPEN","",0,0.148936170212766,-1.90423745265475,3.75,1.32175583998232
"SfM",38964,"GUA-02781",2.18940032258077,0.84400826446281,8.92985647544621,15,2.23565785780905,0.870060519757921,9.35263253118451,12,2022,"MARIAN","Guam","GUA_WEST_OPEN","Forereef","Deep","AGR",13.24215,144.639531,19.81103322,20.7253886,438.75,"GUAM_WEST_OPEN","GUA_WEST_OPEN","Guam","GUA_WEST_OPEN","GUA_WEST_OPEN","NOT","NOT","GUA_WEST_OPEN","GUA_WEST","NOT","OPEN",1755,"GUA_WEST_OPEN","NOT","GUA_WEST_OPEN","",0,0.313432835820896,-1.16017018166754,25.5,3.23867845216438
"SfM",38965,"GUA-02737",1.25970175713551,0.620707596253902,3.52437021233788,7,1.57852326270861,0.706994328922495,4.84779160806786,8,2022,"MARIAN","Guam","GUA_WEST_OPEN","Forereef","Mid","AGR",13.255525,144.649654,14.02011582,14.62968607,1035,"GUAM_WEST_OPEN","GUA_WEST_OPEN","Guam","GUA_WEST_OPEN","GUA_WEST_OPEN","NOT","NOT","GUA_WEST_OPEN","GUA_WEST","NOT","OPEN",4140,"GUA_WEST_OPEN","NOT","GUA_WEST_OPEN","",0,0.291666666666667,-1.23214368129263,22,3.09104245335832
"SfM",38966,"GUA-02662",2.37356132411552,0.886050224996371,10.7355570834988,28,1.27302833658963,0.691358024691358,3.57165236692845,4,2022,"MARIAN","Guam","GUA_ACHANG","Forereef","Shallow","AGR",13.241626,144.695292,3.047851265,4.571776897,33.25,"GUAM_MP","GUA_MP","Guam","GUA_MP","GUA_ACHANG","NOT","NOT","GUA_EAST_MPA","GUA_EAST","NOT","ACHG",133,"GUA_EAST_ACHG","NOT","GUA_ACHANG","",0,0.677685950413223,-0.389071298332488,NA,NA
"SfM",38966,"GUA-02662",2.20026551759147,0.861943024105186,9.0274101174395,28,1.27302833658963,0.691358024691358,3.57165236692845,4,2022,"MARIAN","Guam","GUA_ACHANG","Forereef","Shallow","AGR",13.241626,144.695292,3.047851265,4.571776897,33.25,"GUAM_MP","GUA_MP","Guam","GUA_MP","GUA_ACHANG","NOT","NOT","GUA_EAST_MPA","GUA_EAST","NOT","ACHG",133,"GUA_EAST_ACHG","NOT","GUA_ACHANG","",0,0.677685950413223,-0.389071298332488,NA,NA
