"","REGION","ISLAND","SEC_NAME","OBS_YEAR","REEF_ZONE","DEPTH_BIN","n"
"1","MARIAN","Agrihan","Agrihan",2017,"Forereef","Deep",2
"2","MARIAN","Agrihan","Agrihan",2017,"Forereef","Mid",2
"3","MARIAN","Agrihan","Agrihan",2017,"Forereef","Shallow",3
"4","MARIAN","Aguijan","Aguijan",2014,"Forereef","Deep",1
"5","MARIAN","Aguijan","Aguijan",2014,"Forereef","Mid",2
"6","MARIAN","Aguijan","Aguijan",2014,"Forereef","Shallow",3
"7","MARIAN","Aguijan","Aguijan",2017,"Forereef","Deep",3
"8","MARIAN","Aguijan","Aguijan",2017,"Forereef","Mid",5
"9","MARIAN","Aguijan","Aguijan",2017,"Forereef","Shallow",2
"10","MARIAN","Alamagan","Alamagan",2014,"Forereef","Deep",2
"11","MARIAN","Alamagan","Alamagan",2014,"Forereef","Mid",2
"12","MARIAN","Alamagan","Alamagan",2014,"Forereef","Shallow",2
"13","MARIAN","Alamagan","Alamagan",2017,"Forereef","Deep",1
"14","MARIAN","Alamagan","Alamagan",2017,"Forereef","Mid",1
"15","MARIAN","Alamagan","Alamagan",2017,"Forereef","Shallow",2
"16","MARIAN","Asuncion","Asuncion",2014,"Forereef","Deep",3
"17","MARIAN","Asuncion","Asuncion",2014,"Forereef","Mid",6
"18","MARIAN","Asuncion","Asuncion",2014,"Forereef","Shallow",4
"19","MARIAN","Asuncion","Asuncion",2017,"Forereef","Deep",4
"20","MARIAN","Asuncion","Asuncion",2017,"Forereef","Mid",4
"21","MARIAN","Asuncion","Asuncion",2017,"Forereef","Shallow",4
"22","MARIAN","Asuncion","Asuncion",2022,"Forereef","Deep",4
"23","MARIAN","Asuncion","Asuncion",2022,"Forereef","Mid",8
"24","MARIAN","Asuncion","Asuncion",2022,"Forereef","Shallow",5
"25","MARIAN","Farallon de Pajaros","Farallon de Pajaros",2014,"Forereef","Deep",2
"26","MARIAN","Farallon de Pajaros","Farallon de Pajaros",2014,"Forereef","Mid",3
"27","MARIAN","Farallon de Pajaros","Farallon de Pajaros",2014,"Forereef","Shallow",2
"28","MARIAN","Farallon de Pajaros","Farallon de Pajaros",2017,"Forereef","Deep",3
"29","MARIAN","Farallon de Pajaros","Farallon de Pajaros",2017,"Forereef","Mid",5
"30","MARIAN","Farallon de Pajaros","Farallon de Pajaros",2017,"Forereef","Shallow",4
"31","MARIAN","Guam","GUA_ACHANG",2014,"Forereef","Deep",1
"32","MARIAN","Guam","GUA_ACHANG",2014,"Forereef","Mid",1
"33","MARIAN","Guam","GUA_ACHANG",2017,"Forereef","Deep",1
"34","MARIAN","Guam","GUA_ACHANG",2017,"Forereef","Mid",1
"35","MARIAN","Guam","GUA_ACHANG",2017,"Forereef","Shallow",2
"36","MARIAN","Guam","GUA_ACHANG",2022,"Forereef","Shallow",1
"37","MARIAN","Guam","GUA_EAST_OPEN",2014,"Forereef","Deep",3
"38","MARIAN","Guam","GUA_EAST_OPEN",2014,"Forereef","Mid",5
"39","MARIAN","Guam","GUA_EAST_OPEN",2014,"Forereef","Shallow",5
"40","MARIAN","Guam","GUA_EAST_OPEN",2014,NA,"Mid",2
"41","MARIAN","Guam","GUA_EAST_OPEN",2017,"Forereef","Deep",4
"42","MARIAN","Guam","GUA_EAST_OPEN",2017,"Forereef","Mid",4
"43","MARIAN","Guam","GUA_EAST_OPEN",2017,"Forereef","Shallow",4
"44","MARIAN","Guam","GUA_EAST_OPEN",2022,"Forereef","Deep",5
"45","MARIAN","Guam","GUA_EAST_OPEN",2022,"Forereef","Mid",7
"46","MARIAN","Guam","GUA_EAST_OPEN",2022,"Forereef","Shallow",3
"47","MARIAN","Guam","GUA_PATI_POINT",2014,"Forereef","Deep",1
"48","MARIAN","Guam","GUA_PATI_POINT",2014,"Forereef","Mid",2
"49","MARIAN","Guam","GUA_PATI_POINT",2014,"Forereef","Shallow",1
"50","MARIAN","Guam","GUA_PATI_POINT",2017,"Forereef","Deep",1
"51","MARIAN","Guam","GUA_PATI_POINT",2017,"Forereef","Mid",3
"52","MARIAN","Guam","GUA_PATI_POINT",2022,"Forereef","Deep",2
"53","MARIAN","Guam","GUA_PATI_POINT",2022,"Forereef","Mid",1
"54","MARIAN","Guam","GUA_PITI_BOMB",2014,"Forereef","Deep",1
"55","MARIAN","Guam","GUA_PITI_BOMB",2014,"Forereef","Mid",1
"56","MARIAN","Guam","GUA_PITI_BOMB",2014,"Forereef","Shallow",1
"57","MARIAN","Guam","GUA_PITI_BOMB",2022,"Forereef","Mid",3
"58","MARIAN","Guam","GUA_PITI_BOMB",2022,"Forereef","Shallow",1
"59","MARIAN","Guam","GUA_TUMON",2014,"Forereef","Deep",1
"60","MARIAN","Guam","GUA_TUMON",2014,"Forereef","Shallow",1
"61","MARIAN","Guam","GUA_TUMON",2022,"Forereef","Deep",1
"62","MARIAN","Guam","GUA_WEST_OPEN",2014,"Forereef","Deep",3
"63","MARIAN","Guam","GUA_WEST_OPEN",2014,"Forereef","Mid",5
"64","MARIAN","Guam","GUA_WEST_OPEN",2014,"Forereef","Shallow",4
"65","MARIAN","Guam","GUA_WEST_OPEN",2014,NA,NA,2
"66","MARIAN","Guam","GUA_WEST_OPEN",2017,"Forereef","Deep",2
"67","MARIAN","Guam","GUA_WEST_OPEN",2017,"Forereef","Mid",5
"68","MARIAN","Guam","GUA_WEST_OPEN",2017,"Forereef","Shallow",4
"69","MARIAN","Guam","GUA_WEST_OPEN",2022,"Forereef","Deep",3
"70","MARIAN","Guam","GUA_WEST_OPEN",2022,"Forereef","Mid",7
"71","MARIAN","Guam","GUA_WEST_OPEN",2022,"Forereef","Shallow",7
"72","MARIAN","Guguan","Guguan",2014,"Forereef","Deep",2
"73","MARIAN","Guguan","Guguan",2014,"Forereef","Mid",1
"74","MARIAN","Guguan","Guguan",2014,"Forereef","Shallow",2
"75","MARIAN","Guguan","Guguan",2017,"Forereef","Deep",1
"76","MARIAN","Guguan","Guguan",2017,"Forereef","Mid",1
"77","MARIAN","Guguan","Guguan",2017,"Forereef","Shallow",1
"78","MARIAN","Maug","Maug",2014,"Forereef","Deep",5
"79","MARIAN","Maug","Maug",2014,"Forereef","Mid",11
"80","MARIAN","Maug","Maug",2014,"Forereef","Shallow",4
"81","MARIAN","Maug","Maug",2014,"Lagoon","Deep",1
"82","MARIAN","Maug","Maug",2014,"Lagoon","Mid",1
"83","MARIAN","Maug","Maug",2014,"Lagoon","Shallow",1
"84","MARIAN","Maug","Maug",2017,"Forereef","Deep",6
"85","MARIAN","Maug","Maug",2017,"Forereef","Mid",13
"86","MARIAN","Maug","Maug",2017,"Forereef","Shallow",8
"87","MARIAN","Maug","Maug",2022,"Forereef","Deep",7
"88","MARIAN","Maug","Maug",2022,"Forereef","Mid",12
"89","MARIAN","Maug","Maug",2022,"Forereef","Shallow",5
"90","MARIAN","Pagan","Pagan",2014,"Forereef","Deep",8
"91","MARIAN","Pagan","Pagan",2014,"Forereef","Mid",6
"92","MARIAN","Pagan","Pagan",2014,"Forereef","Shallow",5
"93","MARIAN","Pagan","Pagan",2014,"Forereef",NA,1
"94","MARIAN","Pagan","Pagan",2017,"Forereef","Deep",4
"95","MARIAN","Pagan","Pagan",2017,"Forereef","Mid",7
"96","MARIAN","Pagan","Pagan",2017,"Forereef","Shallow",8
"97","MARIAN","Pagan","Pagan",2022,"Forereef","Deep",7
"98","MARIAN","Pagan","Pagan",2022,"Forereef","Mid",9
"99","MARIAN","Pagan","Pagan",2022,"Forereef","Shallow",8
"100","MARIAN","Rota","Rota",2014,"Forereef","Deep",3
"101","MARIAN","Rota","Rota",2014,"Forereef","Mid",4
"102","MARIAN","Rota","Rota",2014,"Forereef","Shallow",3
"103","MARIAN","Rota","Rota",2014,NA,NA,1
"104","MARIAN","Rota","Rota",2017,"Forereef","Deep",3
"105","MARIAN","Rota","Rota",2017,"Forereef","Mid",4
"106","MARIAN","Rota","Rota",2017,"Forereef","Shallow",6
"107","MARIAN","Rota","Rota",2022,"Forereef","Deep",3
"108","MARIAN","Rota","Rota",2022,"Forereef","Mid",4
"109","MARIAN","Rota","Rota",2022,"Forereef","Shallow",9
"110","MARIAN","Saipan","Saipan",2014,"Forereef","Deep",10
"111","MARIAN","Saipan","Saipan",2014,"Forereef","Mid",8
"112","MARIAN","Saipan","Saipan",2014,"Forereef","Shallow",5
"113","MARIAN","Saipan","Saipan",2014,NA,NA,2
"114","MARIAN","Saipan","Saipan",2017,"Forereef","Deep",5
"115","MARIAN","Saipan","Saipan",2017,"Forereef","Mid",9
"116","MARIAN","Saipan","Saipan",2017,"Forereef","Shallow",8
"117","MARIAN","Saipan","Saipan",2022,"Forereef","Deep",7
"118","MARIAN","Saipan","Saipan",2022,"Forereef","Mid",10
"119","MARIAN","Saipan","Saipan",2022,"Forereef","Shallow",7
"120","MARIAN","Sarigan","Sarigan",2014,"Forereef","Deep",1
"121","MARIAN","Sarigan","Sarigan",2014,"Forereef","Mid",3
"122","MARIAN","Sarigan","Sarigan",2014,"Forereef","Shallow",1
"123","MARIAN","Sarigan","Sarigan",2017,"Forereef","Deep",1
"124","MARIAN","Sarigan","Sarigan",2017,"Forereef","Mid",2
"125","MARIAN","Sarigan","Sarigan",2017,"Forereef","Shallow",2
"126","MARIAN","Tinian","Tinian",2014,"Forereef","Deep",2
"127","MARIAN","Tinian","Tinian",2014,"Forereef","Mid",2
"128","MARIAN","Tinian","Tinian",2014,"Forereef","Shallow",3
"129","MARIAN","Tinian","Tinian",2014,NA,NA,2
"130","MARIAN","Tinian","Tinian",2017,"Forereef","Deep",4
"131","MARIAN","Tinian","Tinian",2017,"Forereef","Mid",6
"132","MARIAN","Tinian","Tinian",2017,"Forereef","Shallow",4
"133","MARIAN","Tinian","Tinian",2022,"Forereef","Deep",5
"134","MARIAN","Tinian","Tinian",2022,"Forereef","Mid",7
"135","MARIAN","Tinian","Tinian",2022,"Forereef","Shallow",3
"136","MHI","Hawaii","HAW_HAMAKUA",2013,"Forereef","Deep",1
"137","MHI","Hawaii","HAW_HAMAKUA",2013,"Forereef","Mid",2
"138","MHI","Hawaii","HAW_HAMAKUA",2013,"Forereef","Shallow",2
"139","MHI","Hawaii","HAW_HAMAKUA",2019,"Forereef","Deep",3
"140","MHI","Hawaii","HAW_HAMAKUA",2019,"Forereef","Mid",4
"141","MHI","Hawaii","HAW_HAMAKUA",2019,"Forereef","Shallow",4
"142","MHI","Hawaii","HAW_KONA",2013,"Forereef","Deep",2
"143","MHI","Hawaii","HAW_KONA",2013,"Forereef","Mid",2
"144","MHI","Hawaii","HAW_KONA",2013,"Forereef","Shallow",3
"145","MHI","Hawaii","HAW_KONA",2016,"Forereef","Deep",3
"146","MHI","Hawaii","HAW_KONA",2016,"Forereef","Mid",8
"147","MHI","Hawaii","HAW_KONA",2016,"Forereef","Shallow",7
"148","MHI","Hawaii","HAW_KONA",2019,"Forereef","Deep",7
"149","MHI","Hawaii","HAW_KONA",2019,"Forereef","Mid",11
"150","MHI","Hawaii","HAW_KONA",2019,"Forereef","Shallow",9
"151","MHI","Hawaii","HAW_KONA",2024,"Forereef","Deep",2
"152","MHI","Hawaii","HAW_PUNA",2013,"Forereef","Deep",3
"153","MHI","Hawaii","HAW_PUNA",2013,"Forereef","Mid",5
"154","MHI","Hawaii","HAW_PUNA",2013,"Forereef","Shallow",1
"155","MHI","Hawaii","HAW_PUNA",2016,"Forereef","Deep",2
"156","MHI","Hawaii","HAW_PUNA",2016,"Forereef","Mid",4
"157","MHI","Hawaii","HAW_PUNA",2016,"Forereef","Shallow",2
"158","MHI","Hawaii","HAW_PUNA",2019,"Forereef","Deep",3
"159","MHI","Hawaii","HAW_PUNA",2019,"Forereef","Mid",5
"160","MHI","Hawaii","HAW_PUNA",2019,"Forereef","Shallow",3
"161","MHI","Hawaii","HAW_SE",2013,"Forereef","Deep",1
"162","MHI","Hawaii","HAW_SE",2013,"Forereef","Mid",1
"163","MHI","Hawaii","HAW_SE",2013,"Forereef","Shallow",1
"164","MHI","Hawaii","HAW_SE",2016,"Forereef","Deep",1
"165","MHI","Hawaii","HAW_SE",2016,"Forereef","Mid",2
"166","MHI","Hawaii","HAW_SE",2016,"Forereef","Shallow",2
"167","MHI","Kahoolawe","KAH_NORTH",2016,"Forereef","Deep",2
"168","MHI","Kahoolawe","KAH_NORTH",2016,"Forereef","Mid",2
"169","MHI","Kahoolawe","KAH_NORTH",2016,"Forereef","Shallow",2
"170","MHI","Kahoolawe","KAH_NORTH",2019,"Forereef","Deep",1
"171","MHI","Kahoolawe","KAH_NORTH",2019,"Forereef","Mid",2
"172","MHI","Kahoolawe","KAH_NORTH",2019,"Forereef","Shallow",1
"173","MHI","Kahoolawe","KAH_NORTH",2024,"Forereef","Mid",5
"174","MHI","Kahoolawe","KAH_SOUTH",2016,"Forereef","Mid",2
"175","MHI","Kahoolawe","KAH_SOUTH",2016,"Forereef","Shallow",3
"176","MHI","Kahoolawe","KAH_SOUTH",2019,"Forereef","Deep",2
"177","MHI","Kahoolawe","KAH_SOUTH",2019,"Forereef","Mid",2
"178","MHI","Kahoolawe","KAH_SOUTH",2019,"Forereef","Shallow",2
"179","MHI","Kauai","KAU_EAST",2013,"Forereef","Deep",3
"180","MHI","Kauai","KAU_EAST",2013,"Forereef","Mid",2
"181","MHI","Kauai","KAU_EAST",2013,"Forereef","Shallow",2
"182","MHI","Kauai","KAU_EAST",2013,NA,"Mid",1
"183","MHI","Kauai","KAU_EAST",2016,"Forereef","Deep",3
"184","MHI","Kauai","KAU_EAST",2016,"Forereef","Mid",6
"185","MHI","Kauai","KAU_EAST",2016,"Forereef","Shallow",2
"186","MHI","Kauai","KAU_EAST",2019,"Forereef","Deep",4
"187","MHI","Kauai","KAU_EAST",2019,"Forereef","Mid",5
"188","MHI","Kauai","KAU_EAST",2019,"Forereef","Shallow",1
"189","MHI","Kauai","KAU_NAPALI",2013,"Forereef","Deep",2
"190","MHI","Kauai","KAU_NAPALI",2013,"Forereef","Mid",2
"191","MHI","Kauai","KAU_NAPALI",2013,"Forereef","Shallow",3
"192","MHI","Kauai","KAU_NAPALI",2016,"Forereef","Deep",2
"193","MHI","Kauai","KAU_NAPALI",2016,"Forereef","Mid",2
"194","MHI","Kauai","KAU_NAPALI",2016,"Forereef","Shallow",2
"195","MHI","Kauai","KAU_NAPALI",2019,"Forereef","Deep",2
"196","MHI","Kauai","KAU_NAPALI",2019,"Forereef","Mid",2
"197","MHI","Kauai","KAU_NAPALI",2019,"Forereef","Shallow",1
"198","MHI","Lanai","LAN_NORTH",2013,"Forereef","Deep",1
"199","MHI","Lanai","LAN_NORTH",2013,"Forereef","Mid",3
"200","MHI","Lanai","LAN_NORTH",2013,"Forereef","Shallow",3
"201","MHI","Lanai","LAN_NORTH",2016,"Forereef","Mid",2
"202","MHI","Lanai","LAN_NORTH",2016,"Forereef","Shallow",2
"203","MHI","Lanai","LAN_NORTH",2019,"Forereef","Deep",1
"204","MHI","Lanai","LAN_NORTH",2019,"Forereef","Mid",3
"205","MHI","Lanai","LAN_NORTH",2019,"Forereef","Shallow",2
"206","MHI","Lanai","LAN_SOUTH",2013,"Forereef","Mid",3
"207","MHI","Lanai","LAN_SOUTH",2013,"Forereef","Shallow",4
"208","MHI","Lanai","LAN_SOUTH",2016,"Forereef","Deep",2
"209","MHI","Lanai","LAN_SOUTH",2016,"Forereef","Mid",6
"210","MHI","Lanai","LAN_SOUTH",2016,"Forereef","Shallow",3
"211","MHI","Lanai","LAN_SOUTH",2019,"Forereef","Deep",3
"212","MHI","Lanai","LAN_SOUTH",2019,"Forereef","Mid",7
"213","MHI","Lanai","LAN_SOUTH",2019,"Forereef","Shallow",4
"214","MHI","Maui","Lahaina",2015,"Forereef","Mid",4
"215","MHI","Maui","Lahaina",2015,"Forereef","Shallow",16
"216","MHI","Maui","MAI_KIHEI",2013,"Forereef","Mid",2
"217","MHI","Maui","MAI_KIHEI",2013,"Forereef","Shallow",1
"218","MHI","Maui","MAI_KIHEI",2016,"Forereef","Deep",2
"219","MHI","Maui","MAI_KIHEI",2016,"Forereef","Mid",2
"220","MHI","Maui","MAI_KIHEI",2016,"Forereef","Shallow",3
"221","MHI","Maui","MAI_KIHEI",2019,"Forereef","Deep",3
"222","MHI","Maui","MAI_KIHEI",2019,"Forereef","Mid",3
"223","MHI","Maui","MAI_KIHEI",2019,"Forereef","Shallow",2
"224","MHI","Maui","MAI_KIHEI",2024,"Forereef","Shallow",1
"225","MHI","Maui","MAI_LAHAINA",2013,"Forereef","Shallow",1
"226","MHI","Maui","MAI_LAHAINA",2014,"Forereef","Deep",9
"227","MHI","Maui","MAI_LAHAINA",2014,"Forereef","Shallow",9
"228","MHI","Maui","MAI_LAHAINA",2016,"Forereef","Deep",1
"229","MHI","Maui","MAI_LAHAINA",2016,"Forereef","Mid",1
"230","MHI","Maui","MAI_LAHAINA",2016,"Forereef","Shallow",2
"231","MHI","Maui","MAI_LAHAINA",2019,"Forereef","Deep",2
"232","MHI","Maui","MAI_LAHAINA",2019,"Forereef","Mid",4
"233","MHI","Maui","MAI_LAHAINA",2019,"Forereef","Shallow",4
"234","MHI","Maui","MAI_NE",2013,"Forereef","Deep",1
"235","MHI","Maui","MAI_NE",2013,"Forereef","Mid",1
"236","MHI","Maui","MAI_NE",2013,"Forereef","Shallow",2
"237","MHI","Maui","MAI_NE",2016,"Forereef","Deep",1
"238","MHI","Maui","MAI_NE",2016,"Forereef","Mid",2
"239","MHI","Maui","MAI_NE",2016,"Forereef","Shallow",1
"240","MHI","Maui","MAI_NE",2019,"Forereef","Deep",1
"241","MHI","Maui","MAI_NE",2019,"Forereef","Mid",2
"242","MHI","Maui","MAI_NE",2019,"Forereef","Shallow",1
"243","MHI","Maui","MAI_NE",2024,"Forereef","Mid",1
"244","MHI","Maui","MAI_SE",2019,"Forereef","Deep",2
"245","MHI","Maui","MAI_SE",2019,"Forereef","Mid",2
"246","MHI","Maui","MAI_SE",2019,"Forereef","Shallow",2
"247","MHI","Molokai","MOL_NW",2019,"Forereef","Deep",1
"248","MHI","Molokai","MOL_NW",2019,"Forereef","Mid",1
"249","MHI","Molokai","MOL_PALI",2013,"Forereef","Deep",2
"250","MHI","Molokai","MOL_PALI",2013,"Forereef","Mid",3
"251","MHI","Molokai","MOL_PALI",2013,"Forereef","Shallow",3
"252","MHI","Molokai","MOL_PALI",2016,"Forereef","Deep",1
"253","MHI","Molokai","MOL_PALI",2016,"Forereef","Mid",1
"254","MHI","Molokai","MOL_PALI",2016,"Forereef","Shallow",1
"255","MHI","Molokai","MOL_PALI",2019,"Forereef","Deep",1
"256","MHI","Molokai","MOL_PALI",2019,"Forereef","Mid",2
"257","MHI","Molokai","MOL_PALI",2019,"Forereef","Shallow",2
"258","MHI","Molokai","MOL_SOUTH",2013,"Forereef","Deep",2
"259","MHI","Molokai","MOL_SOUTH",2013,"Forereef","Mid",2
"260","MHI","Molokai","MOL_SOUTH",2013,"Forereef","Shallow",2
"261","MHI","Molokai","MOL_SOUTH",2016,"Forereef","Deep",1
"262","MHI","Molokai","MOL_SOUTH",2016,"Forereef","Mid",1
"263","MHI","Molokai","MOL_SOUTH",2016,"Forereef","Shallow",1
"264","MHI","Molokai","MOL_SOUTH",2019,"Forereef","Deep",2
"265","MHI","Molokai","MOL_SOUTH",2019,"Forereef","Mid",4
"266","MHI","Molokai","MOL_SOUTH",2019,"Forereef","Shallow",4
"267","MHI","Molokai","MOL_WEST",2013,"Forereef","Deep",2
"268","MHI","Molokai","MOL_WEST",2013,"Forereef","Mid",2
"269","MHI","Molokai","MOL_WEST",2013,"Forereef","Shallow",3
"270","MHI","Molokai","MOL_WEST",2013,"Mid",NA,1
"271","MHI","Molokai","MOL_WEST",2016,"Forereef","Deep",1
"272","MHI","Molokai","MOL_WEST",2016,"Forereef","Mid",2
"273","MHI","Molokai","MOL_WEST",2016,"Forereef","Shallow",2
"274","MHI","Molokai","MOL_WEST",2019,"Forereef","Deep",2
"275","MHI","Molokai","MOL_WEST",2019,"Forereef","Mid",1
"276","MHI","Molokai","MOL_WEST",2019,"Forereef","Shallow",1
"277","MHI","Molokai","MOL_WEST",2024,"Forereef","Deep",1
"278","MHI","Niihau","NII_EAST",2013,"Forereef","Deep",1
"279","MHI","Niihau","NII_EAST",2013,"Forereef","Mid",3
"280","MHI","Niihau","NII_EAST",2019,"Forereef","Deep",1
"281","MHI","Niihau","NII_LEHUA",2013,"Forereef","Deep",2
"282","MHI","Niihau","NII_LEHUA",2013,"Forereef","Mid",2
"283","MHI","Niihau","NII_LEHUA",2013,"Forereef","Shallow",2
"284","MHI","Niihau","NII_LEHUA",2019,"Forereef","Mid",2
"285","MHI","Niihau","NII_LEHUA",2019,"Forereef","Shallow",1
"286","MHI","Niihau","NII_LEHUA",2024,"Forereef","Mid",1
"287","MHI","Niihau","NII_WEST",2013,"Forereef","Deep",1
"288","MHI","Niihau","NII_WEST",2013,"Forereef","Mid",2
"289","MHI","Niihau","NII_WEST",2013,"Forereef","Shallow",4
"290","MHI","Niihau","NII_WEST",2016,"Forereef","Deep",1
"291","MHI","Niihau","NII_WEST",2016,"Forereef","Mid",2
"292","MHI","Niihau","NII_WEST",2016,"Forereef","Shallow",2
"293","MHI","Niihau","NII_WEST",2019,"Forereef","Deep",1
"294","MHI","Niihau","NII_WEST",2019,"Forereef","Mid",4
"295","MHI","Niihau","NII_WEST",2024,"Forereef","Deep",1
"296","MHI","Oahu","OAH_EAST",2013,"Forereef","Deep",2
"297","MHI","Oahu","OAH_EAST",2013,"Forereef","Mid",2
"298","MHI","Oahu","OAH_EAST",2013,"Forereef","Shallow",2
"299","MHI","Oahu","OAH_EAST",2016,"Forereef","Deep",2
"300","MHI","Oahu","OAH_EAST",2016,"Forereef","Mid",2
"301","MHI","Oahu","OAH_EAST",2016,"Forereef","Shallow",2
"302","MHI","Oahu","OAH_EAST",2024,"Forereef","Deep",2
"303","MHI","Oahu","OAH_EAST",2024,"Forereef","Mid",1
"304","MHI","Oahu","OAH_KAENA",2016,"Forereef","Deep",2
"305","MHI","Oahu","OAH_KAENA",2016,"Forereef","Mid",2
"306","MHI","Oahu","OAH_KAENA",2016,"Forereef","Shallow",2
"307","MHI","Oahu","OAH_KAENA",2019,"Forereef","Deep",2
"308","MHI","Oahu","OAH_KAENA",2019,"Forereef","Mid",2
"309","MHI","Oahu","OAH_KAENA",2019,"Forereef","Shallow",3
"310","MHI","Oahu","OAH_KAENA",2024,"Forereef","Mid",1
"311","MHI","Oahu","OAH_NE",2013,"Forereef","Deep",2
"312","MHI","Oahu","OAH_NE",2013,"Forereef","Mid",6
"313","MHI","Oahu","OAH_NE",2013,"Forereef","Shallow",4
"314","MHI","Oahu","OAH_NE",2016,"Forereef","Deep",1
"315","MHI","Oahu","OAH_NE",2016,"Forereef","Mid",2
"316","MHI","Oahu","OAH_NE",2016,"Forereef","Shallow",2
"317","MHI","Oahu","OAH_NE",2019,"Forereef","Deep",2
"318","MHI","Oahu","OAH_NE",2019,"Forereef","Mid",2
"319","MHI","Oahu","OAH_NE",2024,"Forereef","Shallow",3
"320","MHI","Oahu","OAH_NORTH",2013,"Forereef","Deep",2
"321","MHI","Oahu","OAH_NORTH",2013,"Forereef","Mid",2
"322","MHI","Oahu","OAH_NORTH",2013,"Forereef","Shallow",2
"323","MHI","Oahu","OAH_NORTH",2016,"Forereef","Deep",2
"324","MHI","Oahu","OAH_NORTH",2016,"Forereef","Mid",2
"325","MHI","Oahu","OAH_NORTH",2016,"Forereef","Shallow",2
"326","MHI","Oahu","OAH_NORTH",2019,"Forereef","Deep",3
"327","MHI","Oahu","OAH_NORTH",2019,"Forereef","Mid",4
"328","MHI","Oahu","OAH_NORTH",2019,"Forereef","Shallow",2
"329","MHI","Oahu","OAH_SOUTH",2013,"Forereef","Deep",4
"330","MHI","Oahu","OAH_SOUTH",2013,"Forereef","Mid",5
"331","MHI","Oahu","OAH_SOUTH",2013,"Forereef","Shallow",8
"332","MHI","Oahu","OAH_SOUTH",2016,"Forereef","Deep",2
"333","MHI","Oahu","OAH_SOUTH",2016,"Forereef","Mid",4
"334","MHI","Oahu","OAH_SOUTH",2016,"Forereef","Shallow",3
"335","MHI","Oahu","OAH_SOUTH",2019,"Forereef","Deep",3
"336","MHI","Oahu","OAH_SOUTH",2019,"Forereef","Mid",6
"337","MHI","Oahu","OAH_SOUTH",2019,"Forereef","Shallow",7
"338","NWHI","French Frigate","French Frigate",2014,"Backreef","Shallow",1
"339","NWHI","French Frigate","French Frigate",2014,"Forereef","Deep",2
"340","NWHI","French Frigate","French Frigate",2014,"Forereef","Mid",2
"341","NWHI","French Frigate","French Frigate",2014,"Forereef","Shallow",2
"342","NWHI","French Frigate","French Frigate",2014,"Lagoon","Shallow",2
"343","NWHI","French Frigate","French Frigate",2014,"Protected Slope","Mid",1
"344","NWHI","French Frigate","French Frigate",2015,"Forereef","Deep",1
"345","NWHI","French Frigate","French Frigate",2015,"Forereef","Mid",3
"346","NWHI","French Frigate","French Frigate",2015,"Forereef","Shallow",2
"347","NWHI","French Frigate","French Frigate",2016,"Forereef","Deep",3
"348","NWHI","French Frigate","French Frigate",2016,"Forereef","Mid",6
"349","NWHI","French Frigate","French Frigate",2016,"Forereef","Shallow",4
"350","NWHI","French Frigate","French Frigate",2016,"Lagoon","Mid",2
"351","NWHI","French Frigate","French Frigate",2016,"Lagoon","Shallow",4
"352","NWHI","French Frigate","French Frigate",2016,"Protected Slope","Deep",3
"353","NWHI","French Frigate","French Frigate",2016,"Protected Slope","Mid",4
"354","NWHI","French Frigate","French Frigate",2017,"Forereef","Mid",4
"355","NWHI","French Frigate","French Frigate",2017,"Forereef","Shallow",1
"356","NWHI","French Frigate","French Frigate",2017,"Lagoon","Mid",2
"357","NWHI","French Frigate","French Frigate",2017,"Lagoon","Shallow",1
"358","NWHI","French Frigate","French Frigate",2017,"Protected Slope","Deep",3
"359","NWHI","French Frigate","French Frigate",2024,"Forereef","Shallow",1
"360","NWHI","French Frigate","French Frigate",2024,"Lagoon","Mid",1
"361","NWHI","French Frigate","French Frigate",2024,"Protected Slope","Deep",1
"362","NWHI","Kure","Kure",2015,"Forereef","Deep",2
"363","NWHI","Kure","Kure",2015,"Forereef","Mid",2
"364","NWHI","Kure","Kure",2015,"Forereef","Shallow",2
"365","NWHI","Kure","Kure",2016,"Forereef","Deep",5
"366","NWHI","Kure","Kure",2016,"Forereef","Mid",7
"367","NWHI","Kure","Kure",2016,"Forereef","Shallow",7
"368","NWHI","Kure","Kure",2017,"Forereef","Mid",2
"369","NWHI","Kure","Kure",2017,"Forereef","Shallow",2
"370","NWHI","Kure","Kure",2024,"Forereef","Deep",5
"371","NWHI","Laysan","Laysan",2015,"Forereef","Deep",2
"372","NWHI","Laysan","Laysan",2015,"Forereef","Mid",3
"373","NWHI","Laysan","Laysan",2017,"Forereef","Deep",4
"374","NWHI","Laysan","Laysan",2017,"Forereef","Mid",2
"375","NWHI","Laysan","Laysan",2017,"Forereef","Shallow",2
"376","NWHI","Lisianski","Lisianski",2014,"Forereef","Deep",3
"377","NWHI","Lisianski","Lisianski",2014,"Forereef","Mid",4
"378","NWHI","Lisianski","Lisianski",2014,"Forereef","Shallow",3
"379","NWHI","Lisianski","Lisianski",2015,"Forereef","Deep",3
"380","NWHI","Lisianski","Lisianski",2015,"Forereef","Mid",6
"381","NWHI","Lisianski","Lisianski",2015,"Forereef","Shallow",2
"382","NWHI","Lisianski","Lisianski",2016,"Forereef","Deep",4
"383","NWHI","Lisianski","Lisianski",2016,"Forereef","Mid",6
"384","NWHI","Lisianski","Lisianski",2016,"Forereef","Shallow",6
"385","NWHI","Lisianski","Lisianski",2017,"Forereef","Deep",5
"386","NWHI","Lisianski","Lisianski",2017,"Forereef","Mid",4
"387","NWHI","Lisianski","Lisianski",2017,"Forereef","Shallow",2
"388","NWHI","Maro","Maro",2015,"Forereef","Deep",1
"389","NWHI","Maro","Maro",2015,"Forereef","Mid",6
"390","NWHI","Maro","Maro",2015,"Forereef","Shallow",3
"391","NWHI","Midway","Midway",2014,"Backreef","Shallow",3
"392","NWHI","Midway","Midway",2014,"Forereef","Deep",3
"393","NWHI","Midway","Midway",2014,"Forereef","Mid",3
"394","NWHI","Midway","Midway",2014,"Forereef","Shallow",2
"395","NWHI","Midway","Midway",2015,"Forereef","Deep",1
"396","NWHI","Midway","Midway",2015,"Forereef","Mid",6
"397","NWHI","Midway","Midway",2015,"Forereef","Shallow",1
"398","NWHI","Midway","Midway",2017,"Forereef","Mid",3
"399","NWHI","Midway","Midway",2017,"Forereef","Shallow",1
"400","NWHI","Midway","Midway",2017,"Lagoon","Shallow",2
"401","NWHI","Pearl & Hermes","Pearl & Hermes",2015,"Backreef","Mid",2
"402","NWHI","Pearl & Hermes","Pearl & Hermes",2015,"Backreef","Shallow",2
"403","NWHI","Pearl & Hermes","Pearl & Hermes",2015,"Forereef","Deep",4
"404","NWHI","Pearl & Hermes","Pearl & Hermes",2015,"Forereef","Mid",5
"405","NWHI","Pearl & Hermes","Pearl & Hermes",2015,"Forereef","Shallow",1
"406","NWHI","Pearl & Hermes","Pearl & Hermes",2016,"Forereef","Deep",5
"407","NWHI","Pearl & Hermes","Pearl & Hermes",2016,"Forereef","Mid",8
"408","NWHI","Pearl & Hermes","Pearl & Hermes",2016,"Forereef","Shallow",7
"409","NWHI","Pearl & Hermes","Pearl & Hermes",2017,"Backreef","Shallow",1
"410","NWHI","Pearl & Hermes","Pearl & Hermes",2017,"Forereef","Mid",2
"411","NWHI","Pearl & Hermes","Pearl & Hermes",2017,"Forereef","Shallow",2
"412","NWHI","Pearl & Hermes","Pearl & Hermes",2017,"Lagoon","Shallow",2
"413","NWHI","Pearl & Hermes","Pearl & Hermes",2024,"Forereef","Deep",5
"414","PRIAs","Baker","Baker",2015,"Forereef","Deep",3
"415","PRIAs","Baker","Baker",2015,"Forereef","Mid",9
"416","PRIAs","Baker","Baker",2015,"Forereef","Shallow",4
"417","PRIAs","Baker","Baker",2017,"Forereef","Deep",2
"418","PRIAs","Baker","Baker",2017,"Forereef","Mid",3
"419","PRIAs","Baker","Baker",2017,"Forereef","Shallow",2
"420","PRIAs","Baker","Baker",2018,"Forereef","Deep",2
"421","PRIAs","Baker","Baker",2018,"Forereef","Mid",4
"422","PRIAs","Baker","Baker",2018,"Forereef","Shallow",4
"423","PRIAs","Howland","Howland",2015,"Forereef","Deep",5
"424","PRIAs","Howland","Howland",2015,"Forereef","Mid",6
"425","PRIAs","Howland","Howland",2015,"Forereef","Shallow",10
"426","PRIAs","Howland","Howland",2017,"Forereef","Deep",2
"427","PRIAs","Howland","Howland",2017,"Forereef","Mid",2
"428","PRIAs","Howland","Howland",2017,"Forereef","Shallow",2
"429","PRIAs","Howland","Howland",2018,"Forereef","Deep",3
"430","PRIAs","Howland","Howland",2018,"Forereef","Mid",4
"431","PRIAs","Howland","Howland",2018,"Forereef","Shallow",3
"432","PRIAs","Jarvis","Jarvis",2015,"Forereef","Deep",6
"433","PRIAs","Jarvis","Jarvis",2015,"Forereef","Mid",22
"434","PRIAs","Jarvis","Jarvis",2015,"Forereef","Shallow",14
"435","PRIAs","Jarvis","Jarvis",2016,"Forereef","Deep",4
"436","PRIAs","Jarvis","Jarvis",2016,"Forereef","Mid",17
"437","PRIAs","Jarvis","Jarvis",2016,"Forereef","Shallow",9
"438","PRIAs","Jarvis","Jarvis",2017,"Forereef","Deep",9
"439","PRIAs","Jarvis","Jarvis",2017,"Forereef","Mid",13
"440","PRIAs","Jarvis","Jarvis",2017,"Forereef","Shallow",11
"441","PRIAs","Jarvis","Jarvis",2018,"Forereef","Deep",5
"442","PRIAs","Jarvis","Jarvis",2018,"Forereef","Mid",13
"443","PRIAs","Jarvis","Jarvis",2018,"Forereef","Shallow",10
"444","PRIAs","Johnston","Johnston",2015,"Backreef","Mid",1
"445","PRIAs","Johnston","Johnston",2015,"Backreef","Shallow",1
"446","PRIAs","Johnston","Johnston",2015,"Forereef","Mid",2
"447","PRIAs","Johnston","Johnston",2015,"Lagoon","Mid",1
"448","PRIAs","Johnston","Johnston",2015,"Lagoon","Shallow",3
"449","PRIAs","Johnston","Johnston",2015,"Protected Slope","Deep",3
"450","PRIAs","Johnston","Johnston",2015,"Protected Slope","Mid",4
"451","PRIAs","Kingman","Kingman",2015,"Backreef","Deep",1
"452","PRIAs","Kingman","Kingman",2015,"Backreef","Mid",1
"453","PRIAs","Kingman","Kingman",2015,"Backreef","Shallow",3
"454","PRIAs","Kingman","Kingman",2015,"Forereef","Deep",2
"455","PRIAs","Kingman","Kingman",2015,"Forereef","Mid",5
"456","PRIAs","Kingman","Kingman",2015,"Forereef","Shallow",2
"457","PRIAs","Kingman","Kingman",2015,"Lagoon","Deep",2
"458","PRIAs","Kingman","Kingman",2015,"Protected Slope","Deep",3
"459","PRIAs","Kingman","Kingman",2015,"Protected Slope","Mid",6
"460","PRIAs","Kingman","Kingman",2018,"Backreef","Deep",1
"461","PRIAs","Kingman","Kingman",2018,"Backreef","Mid",1
"462","PRIAs","Kingman","Kingman",2018,"Forereef","Deep",3
"463","PRIAs","Kingman","Kingman",2018,"Forereef","Mid",6
"464","PRIAs","Kingman","Kingman",2018,"Forereef","Shallow",6
"465","PRIAs","Kingman","Kingman",2018,"Lagoon","Deep",3
"466","PRIAs","Kingman","Kingman",2018,"Lagoon","Mid",2
"467","PRIAs","Kingman","Kingman",2018,"Protected Slope","Deep",1
"468","PRIAs","Kingman","Kingman",2018,"Protected Slope","Mid",5
"469","PRIAs","Palmyra","Palmyra",2015,"Forereef","Deep",7
"470","PRIAs","Palmyra","Palmyra",2015,"Forereef","Mid",19
"471","PRIAs","Palmyra","Palmyra",2015,"Forereef","Shallow",13
"472","PRIAs","Palmyra","Palmyra",2018,"Forereef","Deep",7
"473","PRIAs","Palmyra","Palmyra",2018,"Forereef","Mid",17
"474","PRIAs","Palmyra","Palmyra",2018,"Forereef","Shallow",15
"475","PRIAs","Wake","Wake",2014,"Forereef","Deep",5
"476","PRIAs","Wake","Wake",2014,"Forereef","Mid",10
"477","PRIAs","Wake","Wake",2014,"Forereef","Shallow",7
"478","PRIAs","Wake","Wake",2014,NA,"Mid",1
"479","PRIAs","Wake","Wake",2017,"Forereef","Deep",7
"480","PRIAs","Wake","Wake",2017,"Forereef","Mid",11
"481","PRIAs","Wake","Wake",2017,"Forereef","Shallow",10
"482","SAMOA","Ofu & Olosega","Ofu & Olosega",2015,"Forereef","Deep",10
"483","SAMOA","Ofu & Olosega","Ofu & Olosega",2015,"Forereef","Mid",17
"484","SAMOA","Ofu & Olosega","Ofu & Olosega",2015,"Forereef","Shallow",8
"485","SAMOA","Ofu & Olosega","Ofu & Olosega",2018,"Forereef","Deep",7
"486","SAMOA","Ofu & Olosega","Ofu & Olosega",2018,"Forereef","Mid",9
"487","SAMOA","Ofu & Olosega","Ofu & Olosega",2018,"Forereef","Shallow",4
"488","SAMOA","Ofu & Olosega","Ofu & Olosega",2023,"Forereef","Deep",6
"489","SAMOA","Ofu & Olosega","Ofu & Olosega",2023,"Forereef","Mid",11
"490","SAMOA","Ofu & Olosega","Ofu & Olosega",2023,"Forereef","Shallow",7
"491","SAMOA","Rose","ROS_INNER",2015,"Backreef","Mid",2
"492","SAMOA","Rose","ROS_INNER",2015,"Backreef","Shallow",7
"493","SAMOA","Rose","ROS_INNER",2015,"Lagoon","Deep",4
"494","SAMOA","Rose","ROS_INNER",2015,"Lagoon","Mid",3
"495","SAMOA","Rose","ROS_INNER",2015,"Lagoon","Shallow",2
"496","SAMOA","Rose","ROS_SANCTUARY",2015,"Forereef","Deep",4
"497","SAMOA","Rose","ROS_SANCTUARY",2015,"Forereef","Mid",7
"498","SAMOA","Rose","ROS_SANCTUARY",2015,"Forereef","Shallow",4
"499","SAMOA","Rose","ROS_SANCTUARY",2016,"Forereef","Deep",3
"500","SAMOA","Rose","ROS_SANCTUARY",2016,"Forereef","Mid",8
"501","SAMOA","Rose","ROS_SANCTUARY",2016,"Forereef","Shallow",5
"502","SAMOA","Rose","ROS_SANCTUARY",2018,"Forereef","Deep",4
"503","SAMOA","Rose","ROS_SANCTUARY",2018,"Forereef","Mid",9
"504","SAMOA","Rose","ROS_SANCTUARY",2018,"Forereef","Shallow",3
"505","SAMOA","Rose","ROS_SANCTUARY",2023,"Forereef","Deep",4
"506","SAMOA","Rose","ROS_SANCTUARY",2023,"Forereef","Mid",8
"507","SAMOA","Rose","ROS_SANCTUARY",2023,"Forereef","Shallow",4
"508","SAMOA","Swains","SWA_OPEN",2015,"Forereef","Mid",2
"509","SAMOA","Swains","SWA_OPEN",2015,"Forereef","Shallow",1
"510","SAMOA","Swains","SWA_OPEN",2018,"Forereef","Deep",1
"511","SAMOA","Swains","SWA_OPEN",2018,"Forereef","Shallow",2
"512","SAMOA","Swains","SWA_OPEN",2023,"Forereef","Deep",1
"513","SAMOA","Swains","SWA_OPEN",2023,"Forereef","Mid",2
"514","SAMOA","Swains","SWA_OPEN",2023,"Forereef","Shallow",2
"515","SAMOA","Swains","SWA_SANCTUARY",2015,"Forereef","Deep",4
"516","SAMOA","Swains","SWA_SANCTUARY",2015,"Forereef","Mid",9
"517","SAMOA","Swains","SWA_SANCTUARY",2015,"Forereef","Shallow",8
"518","SAMOA","Swains","SWA_SANCTUARY",2015,NA,NA,1
"519","SAMOA","Swains","SWA_SANCTUARY",2018,"Forereef","Deep",1
"520","SAMOA","Swains","SWA_SANCTUARY",2018,"Forereef","Mid",3
"521","SAMOA","Swains","SWA_SANCTUARY",2018,"Forereef","Shallow",3
"522","SAMOA","Swains","SWA_SANCTUARY",2023,"Forereef","Deep",2
"523","SAMOA","Swains","SWA_SANCTUARY",2023,"Forereef","Mid",8
"524","SAMOA","Swains","SWA_SANCTUARY",2023,"Forereef","Shallow",9
"525","SAMOA","Tau","TAU_OPEN",2015,"Forereef","Deep",3
"526","SAMOA","Tau","TAU_OPEN",2015,"Forereef","Mid",11
"527","SAMOA","Tau","TAU_OPEN",2015,"Forereef","Shallow",5
"528","SAMOA","Tau","TAU_OPEN",2018,"Forereef","Deep",4
"529","SAMOA","Tau","TAU_OPEN",2018,"Forereef","Mid",6
"530","SAMOA","Tau","TAU_OPEN",2018,"Forereef","Shallow",1
"531","SAMOA","Tau","TAU_OPEN",2023,"Forereef","Deep",3
"532","SAMOA","Tau","TAU_OPEN",2023,"Forereef","Mid",6
"533","SAMOA","Tau","TAU_OPEN",2023,"Forereef","Shallow",2
"534","SAMOA","Tau","TAU_SANCTUARY",2015,"Forereef","Deep",2
"535","SAMOA","Tau","TAU_SANCTUARY",2015,"Forereef","Mid",2
"536","SAMOA","Tau","TAU_SANCTUARY",2015,"Forereef","Shallow",2
"537","SAMOA","Tau","TAU_SANCTUARY",2018,"Forereef","Deep",1
"538","SAMOA","Tau","TAU_SANCTUARY",2018,"Forereef","Mid",2
"539","SAMOA","Tau","TAU_SANCTUARY",2018,"Forereef","Shallow",2
"540","SAMOA","Tau","TAU_SANCTUARY",2023,"Forereef","Deep",2
"541","SAMOA","Tau","TAU_SANCTUARY",2023,"Forereef","Mid",3
"542","SAMOA","Tau","TAU_SANCTUARY",2023,"Forereef","Shallow",1
"543","SAMOA","Tutuila","NORTH_FAGAALU",2020,"Backreef","Shallow",6
"544","SAMOA","Tutuila","NORTH_FAGAALU",2020,"Forereef","Mid",4
"545","SAMOA","Tutuila","NORTH_FAGAALU",2020,"Forereef","Shallow",4
"546","SAMOA","Tutuila","NORTH_VATIA",2020,"Forereef","Mid",7
"547","SAMOA","Tutuila","NORTH_VATIA",2020,"Forereef","Shallow",5
"548","SAMOA","Tutuila","SOUTH_FAGAALU",2020,"Backreef","Shallow",10
"549","SAMOA","Tutuila","SOUTH_FAGAALU",2020,"Forereef","Mid",6
"550","SAMOA","Tutuila","SOUTH_FAGAALU",2020,"Forereef","Shallow",6
"551","SAMOA","Tutuila","SOUTH_VATIA",2020,"Forereef","Mid",6
"552","SAMOA","Tutuila","SOUTH_VATIA",2020,"Forereef","Shallow",6
"553","SAMOA","Tutuila","TUT_AUNUU_A",2015,"Forereef","Deep",2
"554","SAMOA","Tutuila","TUT_AUNUU_A",2015,"Forereef","Mid",2
"555","SAMOA","Tutuila","TUT_AUNUU_A",2015,"Forereef","Shallow",2
"556","SAMOA","Tutuila","TUT_AUNUU_A",2018,"Forereef","Deep",2
"557","SAMOA","Tutuila","TUT_AUNUU_A",2018,"Forereef","Mid",2
"558","SAMOA","Tutuila","TUT_AUNUU_A",2023,"Forereef","Deep",1
"559","SAMOA","Tutuila","TUT_AUNUU_A",2023,"Forereef","Mid",3
"560","SAMOA","Tutuila","TUT_AUNUU_B",2015,"Forereef","Deep",5
"561","SAMOA","Tutuila","TUT_AUNUU_B",2015,"Forereef","Mid",4
"562","SAMOA","Tutuila","TUT_AUNUU_B",2015,"Forereef","Shallow",2
"563","SAMOA","Tutuila","TUT_AUNUU_B",2023,"Forereef","Deep",1
"564","SAMOA","Tutuila","TUT_AUNUU_B",2023,"Forereef","Mid",3
"565","SAMOA","Tutuila","TUT_FAGALUA",2015,"Forereef","Deep",2
"566","SAMOA","Tutuila","TUT_FAGALUA",2015,"Forereef","Mid",2
"567","SAMOA","Tutuila","TUT_FAGALUA",2015,"Forereef","Shallow",2
"568","SAMOA","Tutuila","TUT_FAGALUA",2018,"Forereef","Deep",2
"569","SAMOA","Tutuila","TUT_FAGALUA",2018,"Forereef","Mid",2
"570","SAMOA","Tutuila","TUT_FAGALUA",2023,"Forereef","Deep",1
"571","SAMOA","Tutuila","TUT_FAGALUA",2023,"Forereef","Mid",1
"572","SAMOA","Tutuila","TUT_FAGALUA",2023,"Forereef","Shallow",2
"573","SAMOA","Tutuila","TUT_FAGATELE",2015,"Forereef","Deep",4
"574","SAMOA","Tutuila","TUT_FAGATELE",2015,"Forereef","Mid",4
"575","SAMOA","Tutuila","TUT_FAGATELE",2015,"Forereef","Shallow",5
"576","SAMOA","Tutuila","TUT_FAGATELE",2018,"Forereef","Mid",2
"577","SAMOA","Tutuila","TUT_FAGATELE",2018,"Forereef","Shallow",2
"578","SAMOA","Tutuila","TUT_FAGATELE",2023,"Forereef","Deep",1
"579","SAMOA","Tutuila","TUT_FAGATELE",2023,"Forereef","Mid",3
"580","SAMOA","Tutuila","TUT_FAGATELE",2023,"Forereef","Shallow",1
"581","SAMOA","Tutuila","TUT_NE_OPEN",2015,"Forereef","Deep",5
"582","SAMOA","Tutuila","TUT_NE_OPEN",2015,"Forereef","Mid",8
"583","SAMOA","Tutuila","TUT_NE_OPEN",2015,"Forereef","Shallow",5
"584","SAMOA","Tutuila","TUT_NE_OPEN",2018,"Forereef","Deep",3
"585","SAMOA","Tutuila","TUT_NE_OPEN",2018,"Forereef","Mid",6
"586","SAMOA","Tutuila","TUT_NE_OPEN",2018,"Forereef","Shallow",1
"587","SAMOA","Tutuila","TUT_NE_OPEN",2023,"Forereef","Deep",2
"588","SAMOA","Tutuila","TUT_NE_OPEN",2023,"Forereef","Mid",12
"589","SAMOA","Tutuila","TUT_NE_OPEN",2023,"Forereef","Shallow",4
"590","SAMOA","Tutuila","TUT_NW_OPEN",2015,"Forereef","Deep",3
"591","SAMOA","Tutuila","TUT_NW_OPEN",2015,"Forereef","Mid",3
"592","SAMOA","Tutuila","TUT_NW_OPEN",2015,"Forereef","Shallow",2
"593","SAMOA","Tutuila","TUT_NW_OPEN",2018,"Forereef","Deep",6
"594","SAMOA","Tutuila","TUT_NW_OPEN",2018,"Forereef","Mid",3
"595","SAMOA","Tutuila","TUT_NW_OPEN",2018,"Forereef","Shallow",4
"596","SAMOA","Tutuila","TUT_NW_OPEN",2023,"Forereef","Deep",4
"597","SAMOA","Tutuila","TUT_NW_OPEN",2023,"Forereef","Shallow",2
"598","SAMOA","Tutuila","TUT_SE_OPEN",2015,"Forereef","Deep",6
"599","SAMOA","Tutuila","TUT_SE_OPEN",2015,"Forereef","Mid",12
"600","SAMOA","Tutuila","TUT_SE_OPEN",2015,"Forereef","Shallow",5
"601","SAMOA","Tutuila","TUT_SE_OPEN",2018,"Forereef","Mid",1
"602","SAMOA","Tutuila","TUT_SE_OPEN",2023,"Forereef","Deep",4
"603","SAMOA","Tutuila","TUT_SE_OPEN",2023,"Forereef","Mid",17
"604","SAMOA","Tutuila","TUT_SE_OPEN",2023,"Forereef","Shallow",2
"605","SAMOA","Tutuila","TUT_SW_OPEN",2015,"Forereef","Deep",2
"606","SAMOA","Tutuila","TUT_SW_OPEN",2015,"Forereef","Mid",2
"607","SAMOA","Tutuila","TUT_SW_OPEN",2015,"Forereef","Shallow",3
"608","SAMOA","Tutuila","TUT_SW_OPEN",2018,"Forereef","Deep",1
"609","SAMOA","Tutuila","TUT_SW_OPEN",2018,"Forereef","Mid",2
"610","SAMOA","Tutuila","TUT_SW_OPEN",2018,"Forereef","Shallow",2
"611","SAMOA","Tutuila","TUT_SW_OPEN",2023,"Forereef","Deep",2
"612","SAMOA","Tutuila","TUT_SW_OPEN",2023,"Forereef","Mid",3
"613","SAMOA","Tutuila","TUT_SW_OPEN",2023,"Forereef","Shallow",3
