,unique,jonathan.charendoff,samantha.darin,count
2,FFS-1302_2016_A_03_1440_988,*ACTA,*MOEN,2
9,FFS-1302_2016_A_03_291_33,*ACTA,*MOEN,2
25,FFS-4110_2015_A_06_2100_3751,*ACTA,*TURFH,2
309,KAH-439_2019_A_01_3607_1267,*BGMA,*BRMA,2
565,LAN-1814_2019_A_28_1970_1837,*BGMA,*MICR,2
380,KAH-646_2019_A_03_649_2591,*BGMA,*PESP,2
408,KAH-663_2019_A_17_346_4324,*BGMA,*PESP,2
411,KAH-672_2019_A_30_1015_4123,*BGMA,*PESP,2
489,LAN-1740_2019_A_07_486_3398,*BGMA,*PESP,2
695,LIS-652_2016_A_10_1760_2579,*BGMA,*PESP,2
809,MAI-2664_2019_A_08_827_1945,*BGMA,*PESP,2
840,MAI-2706_2019_A_19_911_2193,*BGMA,*PESP,2
846,MAI-2709_2019_A_10_3202_2640,*BGMA,*PESP,2
548,LAN-1781_2019_A_03_2426_4271,*BGMA,*SHAD,2
566,LAN-1814_2019_A_28_23_3842,*BGMA,*SHAD,2
314,KAH-608_2019_A_28_1590_853,*BGMA,*TURFH,2
694,LIS-652_2016_A_10_1650_2730,*BGMA,*TURFH,2
832,MAI-2706_2019_A_19_1789_688,*BGMA,*TURFH,2
734,MAI-2382_2019_A_13_2498_2329,*BRMA,*MOBR,2
537,LAN-1778_2019_A_07_499_3371,*CAUL,*GRMA,2
715,MAI-2352_2019_A_26_1979_3810,*CAUL,*GRMA,2
942,OAH-3504_2019_A_02_190_1002,*CCAH,*HARD,2
159,HAW-3441_2019_A_09_3626_1720,*CCAH,*PESP,2
160,HAW-3441_2019_A_09_522_3,*CCAH,*PESP,2
230,HAW-4249_2019_A_02_645_5296,*CCAH,*PESP,2
551,LAN-1795_2019_A_10_1019_1442,*CCAH,*PESP,2
814,MAI-2685_2019_A_15_1813_1908,*CCAH,*PESP,2
845,MAI-2709_2019_A_10_3171_5056,*CCAH,*PESP,2
5,FFS-1302_2016_A_03_2043_2677,*CCAH,*POEN,2
11,FFS-1302_2016_B_10_1050_833,*CCAH,*POEN,2
164,HAW-3445_2019_A_23_2874_3592,*CCAH,*RDMA,2
4,FFS-1302_2016_A_03_1866_3185,*CCAH,*TURFH,2
14,FFS-1302_2016_B_10_274_3157,*CCAH,*TURFH,2
19,FFS-1302_2016_B_10_440_3044,*CCAH,*TURFH,2
94,HAW-3385_2019_A_21_2155_3234,*CCAH,*TURFH,2
95,HAW-3385_2019_A_21_232_2724,*CCAH,*TURFH,2
187,HAW-3465_2019_A_14_3275_4015,*CCAH,*TURFH,2
189,HAW-3465_2019_A_14_863_755,*CCAH,*TURFH,2
194,HAW-3734_2019_A_04_2647_5125,*CCAH,*TURFH,2
196,HAW-3734_2019_A_04_3372_3118,*CCAH,*TURFH,2
375,KAH-646_2019_A_03_2755_1036,*CCAH,*TURFH,2
378,KAH-646_2019_A_03_471_4476,*CCAH,*TURFH,2
379,KAH-646_2019_A_03_525_4086,*CCAH,*TURFH,2
410,KAH-663_2019_A_17_545_1718,*CCAH,*TURFH,2
446,KAU-2100_2019_A_10_3189_16,*CCAH,*TURFH,2
476,KUR-4039_2015_A_05_2787_984,*CCAH,*TURFH,2
555,LAN-1795_2019_A_10_2026_4822,*CCAH,*TURFH,2
653,LIS-4103_2015_A_12_1797_2718,*CCAH,*TURFH,2
693,LIS-652_2016_A_10_134_527,*CCAH,*TURFH,2
745,MAI-2459_2019_A_11_2507_1991,*CCAH,*TURFH,2
749,MAI-2459_2019_A_11_531_4537,*CCAH,*TURFH,2
760,MAI-2481_2019_A_05_755_4241,*CCAH,*TURFH,2
768,MAI-2502_2019_A_27_372_5376,*CCAH,*TURFH,2
778,MAI-2541_2019_A_19_3333_1488,*CCAH,*TURFH,2
797,MAI-2664_2019_A_07_259_1412,*CCAH,*TURFH,2
828,MAI-2686_2019_A_07_3390_3174,*CCAH,*TURFH,2
879,NII-1997_2019_A_26_74_3027,*CCAH,*TURFH,2
895,NII-2552_2019_A_16_3240_447,*CCAH,*TURFH,2
595,LAN-2018_2019_A_10_2617_4611,*CCAR,*CCAH,2
794,MAI-2664_2019_A_07_1806_2445,*CCAR,*CCAH,2
261,IMG_0582_1362_733,*CCAR,*TURFH,2
441,KAU-2100_2019_A_10_1364_4300,*CCAR,*TURFH,2
439,KAU-1928_2019_A_18_3587_1779,*DICO,*CCAH,2
786,MAI-2567_2019_A_06_3037_4816,*DICO,*GRMA,2
56,HAW-3354_2019_A_23_2695_2331,*DICO,*TURFH,2
57,HAW-3354_2019_A_23_3515_2076,*DICO,*TURFH,2
115,HAW-3433_2019_A_28_2460_5133,*DICO,*TURFH,2
129,HAW-3434_2019_A_05_90_4771,*DICO,*TURFH,2
185,HAW-3465_2019_A_14_2878_715,*DICO,*TURFH,2
202,HAW-4221_2019_A_03_1994_2062,*DICO,*TURFH,2
435,KAU-1928_2019_A_18_262_384,*DICO,*TURFH,2
69,HAW-3367_2019_A_20_424_2953,*DICT,*TURFH,2
101,HAW-3391_2019_A_14_1036_4152,*EMA,*CCAH,2
183,HAW-3465_2019_A_14_2398_4520,*EMA,*CCAH,2
257,IMG_0353_2450_845,*EMA,*CCAH,2
99,HAW-3385_2019_A_21_3429_139,*EMA,*PESP,2
163,HAW-3445_2019_A_23_2492_1748,*EMA,*PESP,2
36,FFS-4153_2015_A_10_2805_1298,*EMA,*TURFH,2
39,FFS-4153_2015_A_10_787_1354,*EMA,*TURFH,2
52,HAW-3354_2019_A_23_1340_66,*EMA,*TURFH,2
102,HAW-3391_2019_A_14_1918_581,*EMA,*TURFH,2
107,HAW-3391_2019_A_14_3616_1287,*EMA,*TURFH,2
167,HAW-3445_2019_A_23_3568_2358,*EMA,*TURFH,2
228,HAW-4249_2019_A_02_362_3978,*EMA,*TURFH,2
254,IMG_0353_1955_2462,*EMA,*TURFH,2
255,IMG_0353_2012_2699,*EMA,*TURFH,2
256,IMG_0353_2131_2449,*EMA,*TURFH,2
392,KAH-662_2019_A_01_2089_3550,*EMA,*TURFH,2
396,KAH-662_2019_A_01_3187_1060,*EMA,*TURFH,2
397,KAH-662_2019_A_01_3418_2032,*EMA,*TURFH,2
535,LAN-1778_2019_A_07_2892_1864,*EMA,*TURFH,2
638,LAN-2074_2019_A_24_464_1857,*EMA,*TURFH,2
235,HAW-4272_2019_A_17_329_4015,*EMA,*TURFR,2
236,HAW-4272_2019_A_17_3482_1276,*EMA,*TURFR,2
38,FFS-4153_2015_A_10_742_1556,*GRMA,*TURFH,2
831,MAI-2706_2019_A_19_1253_3315,*HALI,*GRMA,2
998,PHR-4075_2015_A_06_50_1576,*HALI,*MICR,2
698,LIS-652_2016_A_10_2874_3140,*HALI,*SHAD,2
684,LIS-4136_2015_A_04_1721_3710,*HALI,*TURFH,2
686,LIS-4136_2015_A_04_2603_1075,*HALI,*TURFH,2
687,LIS-4136_2015_A_04_2830_3725,*HALI,*TURFH,2
690,LIS-4136_2015_A_04_654_2168,*HALI,*TURFH,2
625,LAN-2074_2019_A_04_1914_778,*HARD,*MOEN,2
761,MAI-2502_2019_A_27_1525_1677,*LEPT,*MOEN,2
330,KAH-619_2019_A_02_823_2852,*MOEN,*MOBR,2
614,LAN-2068_2019_A_05_200_3275,*MOEN,*MOBR,2
731,MAI-2382_2019_A_13_136_2857,*MOEN,*MOBR,2
322,KAH-619_2019_A_02_2271_620,*MOEN,*MOFO,2
514,LAN-1768_2019_A_09_1607_3480,*MOEN,*MOFO,2
647,LAN-2080_2019_A_17_3556_1232,*MOEN,*MOFO,2
754,MAI-2481_2019_A_05_1781_5153,*MOEN,*MOFO,2
775,MAI-2541_2019_A_19_2236_2772,*MOEN,*MOFO,2
481,LAN-1740_2019_A_07_1788_4572,*MOEN,*PESP,2
941,OAH-3504_2019_A_02_1337_5308,*MOEN,*PESP,2
931,OAH-3475_2019_A_19_1520_4034,*MOEN,*POEN,2
664,LIS-4117_2015_A_04_2222_2794,*MOEN,*POFO,2
759,MAI-2481_2019_A_05_574_5409,*MOEN,*SHAD,2
337,KAH-619_2019_A_28_2936_1414,*MOEN,*TURFH,2
493,LAN-1744_2019_A_11_239_4949,*MOEN,*TURFH,2
618,LAN-2068_2019_A_05_403_2913,*MOEN,*TURFH,2
611,LAN-2068_2019_A_05_1226_1186,*MOFO,*MOBR,2
699,LIS-652_2016_A_10_826_2339,*MOFO,*POFO,2
326,KAH-619_2019_A_02_330_737,*PAEN,*PAMA,2
705,MAI-01_2019_09_3492_1802,*PAMA,*POEN,2
945,OAH-3504_2019_A_02_2822_4163,*PAMA,*POMA,2
946,OAH-3504_2019_A_02_3424_3813,*PAMA,*POMA,2
948,OAH-3504_2019_A_02_3536_4908,*PAMA,*POMA,2
62,HAW-3367_2019_A_20_2464_1570,*PESP,*CCAH,2
67,HAW-3367_2019_A_20_353_3545,*PESP,*CCAH,2
559,LAN-1795_2019_A_10_3538_2159,*PESP,*SHAD,2
53,HAW-3354_2019_A_23_1829_2696,*PESP,*TURFH,2
108,HAW-3391_2019_A_14_525_1553,*PESP,*TURFH,2
558,LAN-1795_2019_A_10_3292_830,*PESP,*TURFH,2
465,KUR-4026_2015_A_01_2893_3721,*POCS,*POBR,2
708,MAI-01_2019_09_491_3894,*POEN,*PESP,2
679,LIS-4125_2015_A_09_569_3716,*POEN,*POFO,2
84,HAW-3374_2019_A_04_1664_3901,*POEN,*POMA,2
345,KAH-627_2019_A_11_2752_2320,*POFO,*PAEN,2
21,FFS-4110_2015_A_06_1111_3117,*POMA,*POEN,2
31,FFS-4153_2015_A_10_1243_2287,*POMA,*POEN,2
63,HAW-3367_2019_A_20_2563_4388,*POMA,*POEN,2
71,HAW-3368_2019_A_23_1101_5246,*POMA,*POEN,2
75,HAW-3368_2019_A_23_225_4941,*POMA,*POEN,2
80,HAW-3368_2019_A_23_758_3999,*POMA,*POEN,2
176,HAW-3451_2019_A_04_424_3038,*POMA,*POEN,2
351,KAH-632_2019_A_04_1110_4641,*POMA,*POEN,2
352,KAH-632_2019_A_04_1177_1587,*POMA,*POEN,2
466,KUR-4026_2015_A_01_293_1476,*POMA,*POEN,2
605,LAN-2065_2019_A_26_2920_3075,*POMA,*POEN,2
629,LAN-2074_2019_A_04_3103_4636,*POMA,*POEN,2
636,LAN-2074_2019_A_24_2483_4792,*POMA,*POEN,2
651,LIS-4103_2015_A_12_1499_2613,*POMA,*POEN,2
652,LIS-4103_2015_A_12_1652_1758,*POMA,*POEN,2
654,LIS-4103_2015_A_12_1953_1518,*POMA,*POEN,2
658,LIS-4103_2015_A_12_828_13,*POMA,*POEN,2
660,LIS-4103_2015_A_12_971_1836,*POMA,*POEN,2
666,LIS-4117_2015_A_04_2790_3058,*POMA,*POEN,2
674,LIS-4125_2015_A_09_2033_1677,*POMA,*POEN,2
675,LIS-4125_2015_A_09_2542_779,*POMA,*POEN,2
677,LIS-4125_2015_A_09_2903_2891,*POMA,*POEN,2
765,MAI-2502_2019_A_27_3004_4223,*POMA,*POEN,2
813,MAI-2685_2019_A_15_1582_1533,*POMA,*POEN,2
919,OAH-2925_2019_A_13_371_140,*POMA,*POEN,2
329,KAH-619_2019_A_02_3517_1644,*POMA,*TURFH,2
573,LAN-1819_2019_A_26_2563_2115,*POMA,*UNK,2
779,MAI-2541_2019_A_19_718_475,*RDMA,*PESP,2
213,HAW-4222_2019_A_09_160_527,*RDMA,*TURFH,2
366,KAH-635_2019_A_21_2575_2473,*RDMA,*TURFH,2
424,KAU-1881_2019_A_11_1753_1078,*RDMA,*TURFR,2
995,PHR-4075_2015_A_06_215_1370,*RDMA,*UPMA,2
269,IMG_0582_744_3492,*RUB,*TURFH,2
264,IMG_0582_2549_1608,*SAND,*CCAH,2
802,MAI-2664_2019_A_08_2046_3859,*SAND,*CCAH,2
237,HAW-4272_2019_A_17_3554_4894,*SAND,*CCAR,2
700,LIS-652_2016_A_10_851_3995,*SAND,*FINE,2
207,HAW-4221_2019_A_03_3088_4002,*SAND,*HARD,2
197,HAW-3734_2019_A_04_3539_2216,*SAND,*TURFH,2
445,KAU-2100_2019_A_10_2905_1821,*SAND,*TURFH,2
597,LAN-2018_2019_A_10_3086_868,*SAND,*TURFH,2
598,LAN-2018_2019_A_10_3280_1297,*SAND,*TURFH,2
922,OAH-3471_2019_A_12_1415_5225,*SAND,*TURFH,2
926,OAH-3471_2019_A_12_2676_3478,*SAND,*TURFH,2
927,OAH-3471_2019_A_12_2740_3597,*SAND,*TURFH,2
929,OAH-3471_2019_A_12_3217_5009,*SAND,*TURFH,2
985,PHR-4065_2015_A_07_2102_1516,*SAND,*TURFH,2
989,PHR-4065_2015_A_07_390_483,*SAND,*TURFH,2
990,PHR-4065_2015_A_07_580_2533,*SAND,*TURFH,2
343,KAH-627_2019_A_11_2203_1672,*SAND,*TURFR,2
344,KAH-627_2019_A_11_2400_3138,*SAND,*TURFR,2
973,PHR-4026_2015_A_24_1709_1375,*SAND,*UNK,2
59,HAW-3354_2019_A_23_790_4224,*SHAD,*TURFH,2
353,KAH-632_2019_A_04_1411_2179,*SHAD,*TURFH,2
849,MAI-2709_2019_A_10_963_4011,*SHAD,*TURFH,2
878,NII-1997_2019_A_26_684_274,*SHAD,*TURFH,2
880,NII-1997_2019_A_26_794_503,*SHAD,*TURFH,2
391,KAH-662_2019_A_01_1998_2568,*SP,*POEN,2
222,HAW-4249_2019_A_02_1408_1966,*TUN,*TURFH,2
229,HAW-4249_2019_A_02_371_3546,*TUN,*TURFH,2
17,FFS-1302_2016_B_10_382_1517,*TURFH,*ACTA,2
529,LAN-1777_2019_A_09_721_3368,*TURFH,*CAUL,2
32,FFS-4153_2015_A_10_1328_1864,*TURFH,*CCAH,2
33,FFS-4153_2015_A_10_2144_633,*TURFH,*CCAH,2
54,HAW-3354_2019_A_23_1959_5256,*TURFH,*CCAH,2
100,HAW-3385_2019_A_21_637_2200,*TURFH,*CCAH,2
157,HAW-3441_2019_A_09_3207_222,*TURFH,*CCAH,2
158,HAW-3441_2019_A_09_3376_930,*TURFH,*CCAH,2
165,HAW-3445_2019_A_23_3009_1564,*TURFH,*CCAH,2
227,HAW-4249_2019_A_02_3448_4387,*TURFH,*CCAH,2
318,KAH-608_2019_A_28_3401_3458,*TURFH,*CCAH,2
374,KAH-646_2019_A_03_2720_917,*TURFH,*CCAH,2
415,KAH-672_2019_A_30_2161_3168,*TURFH,*CCAH,2
442,KAU-2100_2019_A_10_2064_1728,*TURFH,*CCAH,2
467,KUR-4026_2015_A_01_596_2098,*TURFH,*CCAH,2
468,KUR-4026_2015_A_01_713_2583,*TURFH,*CCAH,2
469,KUR-4026_2015_A_01_788_2162,*TURFH,*CCAH,2
518,LAN-1768_2019_A_09_2881_1653,*TURFH,*CCAH,2
523,LAN-1777_2019_A_09_2800_685,*TURFH,*CCAH,2
538,LAN-1778_2019_A_07_615_3539,*TURFH,*CCAH,2
563,LAN-1814_2019_A_28_1695_4647,*TURFH,*CCAH,2
671,LIS-4125_2015_A_09_1720_2209,*TURFH,*CCAH,2
683,LIS-4136_2015_A_04_1379_149,*TURFH,*CCAH,2
747,MAI-2459_2019_A_11_3463_3114,*TURFH,*CCAH,2
862,NII-1936_2019_A_18_1549_5445,*TURFH,*CCAH,2
865,NII-1936_2019_A_18_2666_4610,*TURFH,*CCAH,2
906,OAH-2914_2019_A_08_2586_4437,*TURFH,*CCAH,2
912,OAH-2925_2019_A_13_1424_2972,*TURFH,*CCAH,2
993,PHR-4075_2015_A_06_1423_523,*TURFH,*CCAH,2
996,PHR-4075_2015_A_06_2162_2950,*TURFH,*CCAH,2
123,HAW-3434_2019_A_05_1773_3838,*TURFH,*DICO,2
124,HAW-3434_2019_A_05_2533_4115,*TURFH,*DICO,2
130,HAW-3434_2019_A_05_942_3642,*TURFH,*DICO,2
136,HAW-3434_2019_A_25_296_1350,*TURFH,*DICO,2
141,HAW-3436_2019_A_17_114_196,*TURFH,*DICO,2
142,HAW-3436_2019_A_17_1381_5249,*TURFH,*DICO,2
144,HAW-3436_2019_A_17_1623_4355,*TURFH,*DICO,2
148,HAW-3436_2019_A_17_395_3232,*TURFH,*DICO,2
149,HAW-3436_2019_A_17_622_3314,*TURFH,*DICO,2
870,NII-1936_2019_A_18_744_5068,*TURFH,*DICO,2
770,MAI-2502_2019_A_27_996_1412,*TURFH,*GRMA,2
971,PHR-4026_2015_A_24_1167_2178,*TURFH,*GRMA,2
972,PHR-4026_2015_A_24_1511_2675,*TURFH,*GRMA,2
974,PHR-4026_2015_A_24_1870_3553,*TURFH,*GRMA,2
975,PHR-4026_2015_A_24_2420_1040,*TURFH,*GRMA,2
976,PHR-4026_2015_A_24_2814_49,*TURFH,*GRMA,2
977,PHR-4026_2015_A_24_577_2767,*TURFH,*GRMA,2
978,PHR-4026_2015_A_24_587_2292,*TURFH,*GRMA,2
979,PHR-4026_2015_A_24_633_2346,*TURFH,*GRMA,2
955,PHR-1045_2016_B_04_1580_2297,*TURFH,*MICR,2
957,PHR-1045_2016_B_04_220_1945,*TURFH,*MICR,2
960,PHR-1045_2016_B_04_341_1967,*TURFH,*MICR,2
667,LIS-4117_2015_A_04_375_1820,*TURFH,*MOEN,2
670,LIS-4117_2015_A_04_981_1671,*TURFH,*MOFO,2
118,HAW-3433_2019_A_28_2848_2468,*TURFH,*PESP,2
179,HAW-3451_2019_A_04_678_1671,*TURFH,*PESP,2
180,HAW-3451_2019_A_04_810_2702,*TURFH,*PESP,2
204,HAW-4221_2019_A_03_2291_905,*TURFH,*PESP,2
206,HAW-4221_2019_A_03_2964_828,*TURFH,*PESP,2
223,HAW-4249_2019_A_02_2158_3094,*TURFH,*PESP,2
260,IMG_0353_471_898,*TURFH,*PESP,2
289,KAH-424_2019_A_27_630_2287,*TURFH,*PESP,2
313,KAH-608_2019_A_28_1318_2617,*TURFH,*PESP,2
372,KAH-646_2019_A_03_2404_4133,*TURFH,*PESP,2
377,KAH-646_2019_A_03_3256_46,*TURFH,*PESP,2
414,KAH-672_2019_A_30_2098_3613,*TURFH,*PESP,2
451,KAU-2160_2019_A_04_1209_2621,*TURFH,*PESP,2
525,LAN-1777_2019_A_09_4347_1351,*TURFH,*PESP,2
808,MAI-2664_2019_A_08_568_2958,*TURFH,*PESP,2
830,MAI-2686_2019_A_07_790_2801,*TURFH,*PESP,2
279,KAH-420_2019_A_17_441_3049,*TURFH,*POBR,2
634,LAN-2074_2019_A_24_1617_4794,*TURFH,*POEN,2
200,HAW-3734_2019_A_04_696_551,*TURFH,*POMA,2
191,HAW-3734_2019_A_04_2131_3625,*TURFH,*SAND,2
594,LAN-2018_2019_A_10_2294_2596,*TURFH,*SAND,2
908,OAH-2914_2019_A_08_3021_4781,*TURFH,*SAND,2
147,HAW-3436_2019_A_17_3434_1493,*TURFH,*SHAD,2
195,HAW-3734_2019_A_04_2777_967,*TURFH,*SHAD,2
203,HAW-4221_2019_A_03_2210_2201,*TURFH,*SHAD,2
335,KAH-619_2019_A_28_1870_1184,*TURFH,*SHAD,2
358,KAH-632_2019_A_04_3542_2251,*TURFH,*SHAD,2
359,KAH-632_2019_A_04_916_1670,*TURFH,*SHAD,2
384,KAH-659_2019_A_09_1677_1942,*TURFH,*SHAD,2
450,KAU-2100_2019_A_10_61_804,*TURFH,*SHAD,2
513,LAN-1768_2019_A_09_1557_4617,*TURFH,*SHAD,2
520,LAN-1768_2019_A_09_587_4182,*TURFH,*SHAD,2
546,LAN-1781_2019_A_03_2362_52,*TURFH,*SHAD,2
590,LAN-1829_2019_A_08_883_5182,*TURFH,*SHAD,2
732,MAI-2382_2019_A_13_187_5101,*TURFH,*SHAD,2
750,MAI-2459_2019_A_11_796_5436,*TURFH,*SHAD,2
888,NII-2552_2019_A_01_534_5396,*TURFH,*SHAD,2
890,NII-2552_2019_A_01_943_4646,*TURFH,*SHAD,2
689,LIS-4136_2015_A_04_2916_2685,*TURFH,*UNK,2
997,PHR-4075_2015_A_06_2920_2961,*TURFH,*UNK,2
962,PHR-1076_2016_A_06_222_3059,*TURFH,*UPMA,2
994,PHR-4075_2015_A_06_1842_3859,*TURFH,*UPMA,2
234,HAW-4272_2019_A_17_3100_4945,*TURFR,*CCAR,2
536,LAN-1778_2019_A_07_3174_5220,*TURFR,*SHAD,2
425,KAU-1881_2019_A_11_184_1604,*TURFR,*TURFH,2
510,LAN-1767_2019_A_16_938_1059,*TURFR,*TURFH,2
534,LAN-1778_2019_A_07_2690_1475,*TURFR,*TURFH,2
669,LIS-4117_2015_A_04_462_1033,*TURFR,*TURFH,2
921,OAH-3471_2019_A_12_1379_2391,*TURFR,*TURFH,2
928,OAH-3471_2019_A_12_2751_1165,*TURFR,*TURFH,2
930,OAH-3471_2019_A_12_3606_1789,*TURFR,*TURFH,2
943,OAH-3504_2019_A_02_2184_4293,*TURFR,*TURFH,2
277,KAH-420_2019_A_17_305_513,*UNK,*SAND,2
85,HAW-3374_2019_A_04_198_1201,*UNK,*SHAD,2
224,HAW-4249_2019_A_02_2222_544,*UNK,*TURFH,2
991,PHR-4075_2015_A_06_1287_1638,*UPMA,*CCAH,2
216,HAW-4222_2019_A_09_2837_3391,*UPMA,*TURFH,2
549,LAN-1781_2019_A_03_245_2653,*UPMA,*TURFH,2
961,PHR-1076_2016_A_06_2144_3906,*UPMA,*TURFH,2
992,PHR-4075_2015_A_06_1321_3713,*UPMA,*TURFH,2
