"","unique","jonathan.charendoff","leerm","Bex.Turner","ed0ard0sena","samantha.darin","mskye13","michaela.wong","kaylyn.mccoy","count"
"1","AGU-532_IMG_9142_580_4878","MOBF","MOBF","MOBF","MOBF","MOBF","MOBF","MOBF","UI",2
"2","AGU-532_IMG_9142_1622_3187","TURFH","TURFH","TURFH","TURFH","TURFH","TURFH","TURFH","CCAH",2
"3","AGU-532_IMG_9142_2766_2694","TURFH","TURFH","TURFH","TURFH","CCAH","TURFH","TURFH","CCAH",2
"4","AGU-532_IMG_9142_2749_4682","PAMA","PAMA","PAMA","PAMA","PAMA","PAMA","PAMA","POBR",2
"5","AGU-532_IMG_9142_3389_1870","PAEN","PAEN","PAEN","PAEN","PAEN","PAEN","PAEN","CCAH",2
"6","AGU-541_IMG_9632_3987_2577","CYPS","CYPS","ASSP","ASSP","CYPS","CYPS","CYPS","CYPS",2
"7","AGU-543_IMG_9673_125_5046","TURFH","TURFH","TURFH","TURFH","TURFH","TURFH","TURFH","EMA",2
"8","AGU-543_IMG_9673_3447_1329","CCAH","CCAH","CCAH","CCAH","TURFH","TURFH","TURFH","CCAH",2
"9","AGU-548_IMG_1423_487_3851","HALI","HALI","HALI","HALI","TURFH","HALI","HALI","HALI",2
"10","AGU-548_IMG_1423_203_4002","TURFH","TURFH","TURFH","TURFH","TURFH","TURFH","TURFH","EMA",2
"11","AGU-548_IMG_1423_1646_5213","ASSP","CYPS","ASSP","ASSP","ASSP","ASSP","ASSP","ASSP",2
"12","AGU-558_IMG_9708_434_1844","TURFH","TURFH","TURFH","TURFH","TURFH","TURFH","TURFH","CCAH",2
"13","AGU-558_IMG_9708_1761_3218","TURFH","TURFH","TURFH","TURFH","TURFH","TURFH","TURFH","EMA",2
"14","AGU-558_IMG_9713_1438_3687","CCAH","CCAH","CCAH","TURFH","CCAH","TURFH","CCAH","CCAH",2
"15","AGU-558_IMG_9713_1618_847","CCAH","TURFH","TURFH","TURFH","TURFH","CCAH","TURFH","CCAH",2
"16","AGU-558_IMG_9713_2312_2882","TURFH","TURFH","TURFH","TURFH","TURFH","TURFH","TURFH","CCAH",2
"17","AGU-558_IMG_9713_2542_4803","TURFH","TURFH","TURFH","TURFH","TURFH","TURFH","TURFH","CCAH",2
"18","AGU-558_IMG_9713_2400_4438","TURFH","TURFH","TURFH","TURFH","TURFH","TURFH","TURFH","EMA",2
"19","AGU-558_IMG_9720_241_1650","TURFH","CCAH","CCAH","TURFH","TURFH","CCAH","TURFH","CCAH",2
"20","AGU-558_IMG_9720_1881_4150","HALI","TURFH","HALI","TURFH","TURFH","HALI","HALI","HALI",2
"21","ASC-366_2017_A_11_440_3944","CYPS","CYPS","ASSP","CYPS","CYPS","CYPS","CYPS","CYPS",2
"22","ASC-366_2017_A_11_1720_1274","TURFH","TURFH","TURFH","TURFH","TURFH","TURFH","TURFH","BGMA",2
"23","ASC-369_2017_A_26_412_1343","TURFH","TURFH","TURFH","TURFH","TURFH","TURFH","CCAH","TURFH",2
"24","ASC-369_2017_A_26_2739_5357","TURFH","TURFH","TURFH","CCAH","TURFH","TURFH","TURFH","CCAH",2
"25","ASC-372_2017_A_10_1404_2031","CCAH","CCAH","PESP","CCAH","CCAH","CCAH","CCAH","CCAH",2
"26","ASC-372_2017_A_10_2132_698","GOAL","GOAL","GASP","GOAL","GOAL","GOAL","GOAL","GASP",2
"27","ASC-372_2017_A_10_2739_275","GOAL","GOAL","GASP","GOAL","GOAL","GOAL","GOAL","GASP",2
"28","ASC-372_2017_A_10_2489_2586","CCAH","TURFH","TURFH","TURFH","CCAH","TURFH","TURFH","TURFH",2
"29","ASC-372_2017_A_10_3224_5125","PESP","PESP","EMA","EMA","PESP","PESP","PESP","EMA",2
"30","ASC-373_2017_A_29_44_1084","EMA","TURFH","TURFH","EMA","TURFH","TURFH","TURFH","EMA",2
"31","ASC-373_2017_A_29_779_1028","EMA","TURFH","TURFH","TURFH","TURFH","TURFH","TURFH","TURFH",2
"32","ASC-373_2017_A_29_1090_410","TURFH","SHAD","SHAD","TURFH","TURFH","TURFH","TURFH","TURFH",2
"33","ASC-373_2017_A_29_989_1747","POMA","POMA","POMA","POMA","POMA","POMA","POMA","POEN",2
"34","ASC-373_2017_A_29_1262_341","EMA","TURFH","EMA","TURFH","TURFH","TURFH","TURFH","TURFH",2
"35","ASC-377_2017_A_27_2675_1639","TURFH","TURFH","TURFH","TURFH","TURFH","TURFH","DICO","TURFH",2
"36","ASC-379_2017_A_04_441_4624","FASP","FASP","FASP","FASP","GONS","FASP","FASP","GONS",2
"37","ASC-379_2017_A_04_833_5110","TURFH","TURFH","CCAH","TURFH","CCAH","CCAH","TURFH","CCAH",2
"38","ASC-379_2017_A_04_2425_2656","EMA","TURFH","TURFH","EMA","TURFH","TURFH","TURFH","TURFH",2
"39","ASC-379_2017_A_04_2654_4006","EMA","TURFH","EMA","TURFH","TURFH","TURFH","TURFH","TURFH",2
"40","ASC-379_2017_A_04_2199_5403","TURFH","TURFH","TURFH","TURFH","TURFH","CCAH","TURFH","CCAH",2
"41","ASC-380_2017_A_02_23_417","POMA","POEN","POEN","POEN","POEN","POEN","POEN","POEN",2
"42","ASC-380_2017_A_02_731_1211","TURFH","TURFH","TURFH","EMA","TURFH","TURFH","EMA","TURFH",2
"43","ASC-380_2017_A_02_857_1551","OCTO","OCTO","OCTO","OCTO","USC","OCTO","USC","OCTO",2
"44","ASC-385_2017_A_12_1792_1977","TURFH","TURFH","TURFH","TURFH","TURFH","CCAH","TURFH","CCAH",2
"45","ASC-385_2017_A_12_1905_3229","TURFH","TURFH","TURFH","CCAH","TURFH","CCAH","CCAH","CCAH",2
"46","ASC-386_2017_A_25_366_3220","POMA","POEN","POEN","POMA","POMA","POMA","POMA","POMA",2
"47","ASC-386_2017_A_25_784_2443","POMA","POEN","POEN","POMA","POMA","POEN","POMA","POMA",2
"48","ASC-386_2017_A_25_774_4545","SHAD","SHAD","SHAD","SHAD","SHAD","ZO","SHAD","SHAD",2
"49","ASC-386_2017_A_25_3220_2577","POMA","POEN","POEN","POEN","POEN","POEN","POMA","POEN",2
"50","ASC-388_2017_A_01_903_2281","LEPT","LEPT","ENC","LEPT","LEPT","LEPT","LEPT","LEPT",2
"51","ASC-392_2017_A_21_116_319","HALI","HALI","HALI","SHAD","SHAD","SHAD","HALI","SHAD",2
"52","ASC-394_2017_A_27_1174_3194","SHAD","SHAD","SHAD","SHAD","TURFH","TURFH","SHAD","SHAD",2
"53","ASC-394_2017_A_27_1214_3319","PESP","TURFH","PESP","PESP","TURFH","TURFH","PESP","PESP",2
"54","ASC-394_2017_A_27_2035_352","TURFH","TURFH","SHAD","TURFH","TURFH","TURFH","TURFH","TURFH",2
"55","ASC-401_2017_A_15_2238_3952","SAND","SAND","SAND","TURFH","TURFH","SAND","TURFH","SAND",2
"56","ASC-401_2017_A_15_2179_3396","SAND","SAND","SAND","SAND","TURFH","SAND","TURFH","SAND",2
"57","FDP-251_2017_A_24_965_851","TURFR","TURFH","TURFH","TURFH","TURFH","TURFH","TURFH","TURFR",2
"58","FDP-251_2017_A_24_1370_1483","TURFH","TURFH","TURFH","TURFH","CCAH","TURFH","TURFH","TURFH",2
"59","FDP-251_2017_A_24_1626_1715","EMA","TURFH","TURFH","TURFH","EMA","TURFH","TURFH","TURFH",2
"60","FDP-251_2017_A_24_1229_3120","TURFR","TURFH","TURFR","TURFR","TURFH","TURFH","TURFH","TURFR",2
"61","FDP-251_2017_A_24_1241_3920","TURFR","TURFH","TURFR","TURFH","TURFH","TURFH","TURFH","TURFH",2
"62","FDP-251_2017_A_24_2345_3848","SAND","TURFH","TURFH","TURFH","TURFH","TURFH","TURFH","SAND",2
"63","FDP-254_2017_A_16_788_2832","TURFH","TURFH","TURFH","TURFH","TURFH","TURFH","TURFH","CCAH",2
"64","FDP-254_2017_A_16_1836_4319","CCAH","TURFH","CCAH","CCAH","CCAH","TURFH","CCAH","CCAH",2
"65","FDP-254_2017_A_16_3411_3678","CCAH","TURFH","TURFH","CCAH","CCAH","TURFH","TURFH","CCAH",2
"66","FDP-282_2017_A_16_218_1710","TURFH","TURFH","TURFH","TURFH","TURFH","TURFH","BRMA","TURFH",2
"67","FDP-282_2017_A_16_728_1598","TURFH","TURFH","TURFH","TURFH","TURFH","TURFH","BRMA","TURFH",2
"68","FDP-282_2017_A_16_1238_3385","TURFH","TURFH","TURFH","TURFH","TURFH","TURFH","BRMA","TURFH",2
"69","FDP-282_2017_A_16_2154_1379","TURFH","TURFH","TURFH","TURFH","TURFH","TURFH","BRMA","TURFH",2
"70","FDP-282_2017_A_16_1938_2985","TURFH","TURFH","TURFH","TURFH","TURFH","TURFH","BRMA","TURFH",2
"71","FDP-282_2017_A_16_2563_1782","CCAH","TURFH","TURFH","TURFH","TURFH","TURFH","TURFH","TURFH",2
"72","FDP-282_2017_A_16_2829_2732","TURFH","TURFH","TURFH","TURFH","TURFH","TURFH","BRMA","TURFH",2
"73","GUA-2662_IMG_2505_1752_3539","CCAH","TURFH","TURFH","CCAH","CCAH","TURFH","TURFH","TURFH",2
"74","GUA-2662_IMG_2505_4523_3072","TURFH","TURFH","TURFH","TURFH","TURFH","HALI","TURFH","TURFH",2
"75","GUA-2662_IMG_2515_736_1031","POCS","POCS","ACBR","POCS","POCS","POCS","POCS","POCS",2
"76","GUA-2662_IMG_2515_4266_3502","PESP","TURFH","TURFH","TURFH","TURFH","TURFH","TURFH","TURFH",2
"77","GUA-2677_IMG_9574_623_3297","CCAH","TURFH","TURFH","TURFH","TURFH","TURFH","TURFH","CCAH",2
"78","GUA-2677_IMG_9574_451_3637","CCAH","TURFH","TURFH","TURFH","TURFH","TURFH","TURFH","CCAH",2
"79","GUA-2677_IMG_9574_2732_548","CCAH","CCAH","CCAH","TURFH","CCAH","CCAH","CCAH","CCAH",2
"80","GUA-2677_IMG_9574_2800_2327","CCAH","TURFH","CCAH","TURFH","TURFH","CCAH","TURFH","TURFH",2
"81","GUA-2684_IMG_0688_468_1380","PAMA","PAMA","PAEN","PAMA","PAMA","PAMA","PAMA","PAMA",2
"82","GUA-2684_IMG_0688_1225_486","CCAH","CCAH","TURFH","CCAH","CCAH","CCAH","CCAH","CCAH",2
"83","GUA-2684_IMG_0688_3596_744","TURFH","TURFH","TURFH","TURFH","TURFH","CCAH","CCAH","CCAH",2
"84","GUA-2684_IMG_0688_3452_1963","CCAH","SP","CCAH","CCAH","CCAH","CCAH","SP","CCAH",2
"85","GUA-2684_IMG_0688_3134_1516","CCAH","TURFH","CCAH","CCAH","TURFH","CCAH","CCAH","CCAH",2
"86","GUA-2696_IMG_2566_25_2244","SHAD","TURFH","SHAD","TURFH","TURFH","TURFH","TURFH","TURFH",2
"87","GUA-2696_IMG_2566_1794_1339","TURFH","TURFH","PADI","TURFH","TURFH","TURFH","PADI","PADI",2
"88","GUA-2696_IMG_2566_1391_1141","TURFH","TURFH","TURFH","TURFH","TURFH","TURFH","TURFH","HALI",2
"89","GUA-2699_IMG_9545_396_3054","TURFH","TURFH","TURFH","TURFH","TURFH","TURFH","TURFH","SAND",2
"90","GUA-2699_IMG_9545_31_3833","SAND","TURFH","TURFH","SAND","TURFH","SAND","TURFH","SAND",2
"91","GUA-2699_IMG_9545_1443_2954","TURFH","TURFH","TURFH","TURFH","TURFH","TURFH","UPMA","TURFH",2
"92","GUA-2699_IMG_9545_1647_1838","TURFH","TURFH","TURFH","TURFH","BGMA","TURFH","TURFH","TURFH",2
"93","GUA-2699_IMG_9546_1866_1891","TURFH","TURFH","TURFH","TURFH","TURFH","ASSP","ASSP","TURFH",2
"94","GUA-2701_IMG_0973_2687_242","MISP","MISP","MISP","PAMA","MISP","MISP","MISP","PAMA",2
"95","GUA-2701_IMG_0973_3921_480","HALI","CCAH","HALI","HALI","HALI","HALI","HALI","HALI",2
"96","GUA-2701_IMG_0973_3564_2689","BGMA","CCAH","CCAH","CCAH","CCAH","CCAH","CCAH","CCAH",2
"97","GUA-2701_IMG_0973_5099_3221","HALI","GRMA","HALI","HALI","GRMA","HALI","GRMA","HALI",2
"98","GUA-2701_IMG_0977_541_270","HALI","HALI","HALI","HALI","GRMA","HALI","HALI","HALI",2
"99","GUA-2701_IMG_0977_281_229","HALI","TURFH","HALI","HALI","TURFH","HALI","TURFH","HALI",2
"100","GUA-2701_IMG_0977_276_911","CCAH","TURFH","TURFH","TURFH","TURFH","CCAH","TURFH","CCAH",2
"101","GUA-2701_IMG_0977_821_3391","GASP","GASP","TURFH","GASP","GASP","GASP","GASP","GASP",2
"102","GUA-2701_IMG_0977_1593_607","CCAH","TURFH","CCAH","TURFH","CCAH","CCAH","TURFH","CCAH",2
"103","GUA-2716_IMG_0384_398_5461","TURFH","TURFH","CCAH","TURFH","TURFH","TURFH","TURFH","TURFH",2
"104","GUA-2716_IMG_0398_542_317","PAEN","PAEN","PAEN","PAEN","PAEN","PAEN","PAEN","UI",2
"105","GUA-2716_IMG_0398_899_2361","PAEN","PAEN","PAEN","PAEN","PAEN","PAEN","PAEN","UI",2
"106","MAU-630_2017_A_28_226_1112","TURFH","TURFH","TURFH","TURFH","LEPT","TURFH","TURFH","TURFH",2
"107","MAU-630_2017_A_28_2805_304","TURFH","TURFH","TURFH","TURFH","TURFH","TURFH","CCAH","TURFH",2
"108","MAU-640_2017_A_10_3556_2274","TURFH","SP","TURFH","TURFH","TURFH","TURFH","TURFH","TURFH",2
"109","MAU-649_2017_A_14_1349_4448","CCAH","TURFH","CCAH","CCAH","CCAH","CCAH","CCAH","CCAH",2
"110","MAU-651_2017_A_20_789_3316","TURFH","TURFH","TURFH","TURFH","TURFH","TURFH","TURFH","ENC",2
"111","MAU-651_2017_A_20_655_3641","BGMA","BGMA","TURFH","BGMA","BGMA","BGMA","BGMA","BGMA",2
"112","MAU-651_2017_A_20_1029_3277","BGMA","BGMA","TURFH","BGMA","TURFH","BGMA","BGMA","BGMA",2
"113","MAU-679_2017_A_17_191_1285","CCAH","TURFH","TURFH","TURFH","TURFH","TURFH","TURFH","CCAH",2
"114","MAU-679_2017_A_17_96_2075","GONS","TURFH","TURFH","TURFH","TURFH","TURFH","TURFH","GONS",2
"115","MAU-679_2017_A_17_837_507","SHAD","SHAD","SHAD","SHAD","SHAD","PAEN","PAEN","PAEN",2
"116","MAU-679_2017_A_17_1150_1222","TURFH","TURFH","TURFH","CCAH","CCAH","TURFH","TURFH","CCAH",2
"117","MAU-679_2017_A_17_949_1945","COSP","PAMA","PAMA","PAMA","COSP","COSP","PAMA","COSP",2
"118","MAU-679_2017_A_17_1327_1792","CCAH","CCAH","CCAH","PESP","PESP","CCAH","CCAH","CCAH",2
"119","MAU-679_2017_A_17_1530_1452","TURFH","TURFH","TURFH","EMA","TURFH","TURFH","TURFH","TURFH",2
"120","MAU-679_2017_A_17_1320_1591","TURFH","TURFH","TURFH","TURFH","TURFH","CCAH","TURFH","CCAH",2
"121","MAU-686_2017_A_22_941_4505","SHAD","TURFH","TURFH","SHAD","SHAD","TURFH","TURFH","SHAD",2
"122","MAU-686_2017_A_22_1893_3848","CCAH","TURFH","CCAH","CCAH","CCAH","TURFH","TURFH","CCAH",2
"123","MAU-686_2017_A_22_2459_1013","PESP","PESP","LOBO","LOBO","PESP","PESP","LOBO","PESP",2
"124","MAU-691_2017_A_12_34_5339","GOAL","GOAL","TURFH","TURFH","TURFH","TURFH","TURFH","TURFH",2
"125","MAU-691_2017_A_12_3372_1579","TURFH","TURFH","TURFH","TURFH","TURFH","TURFH","SHAD","TURFH",2
"126","MAU-704_2017_A_09_140_735","CCAH","CCAH","CCAH","ENC","CCAH","CCAH","CCAH","CCAH",2
"127","MAU-704_2017_A_09_987_3337","EMA","TURFH","TURFH","TURFH","TURFH","TURFH","EMA","TURFH",2
"128","MAU-704_2017_A_09_2401_658","TURFH","TURFH","TURFH","TURFH","TURFH","TURFH","EMA","TURFH",2
"129","MAU-723_2017_A_30_327_1210","TURFH","TURFH","CCAH","TURFH","TURFH","TURFH","TURFH","CCAH",2
"130","MAU-723_2017_A_30_484_5398","SHAD","SHAD","SHAD","SHAD","SHAD","SHAD","SHAD","CCAH",2
"131","MAU-723_2017_A_30_618_5398","CCAH","CCAH","CCAH","BGMA","BGMA","BGMA","CCAH","CCAH",2
"132","MAU-723_2017_A_30_2193_1192","SAND","TURFH","TURFH","SAND","TURFH","SAND","TURFH","SAND",2
"133","MAU-838_2017_B_10_345_133","CCAH","CCAH","CCAH","CCAH","CCAH","CCAH","HCOE","CCAH",2
"134","MAU-838_2017_B_10_211_2136","CCAH","TURFH","CCAH","CCAH","CCAH","CCAH","TURFH","CCAH",2
"135","MAU-848_2017_B_02_205_42","EMA","TURFH","TURFH","TURFH","TURFH","TURFH","EMA","TURFH",2
"136","MAU-848_2017_B_02_1924_2413","CCAH","PESP","CCAH","PESP","CCAH","CCAH","CCAH","CCAH",2
"137","MAU-848_2017_B_02_2455_2336","TURFH","TURFH","CCAH","TURFH","CCAH","TURFH","TURFH","CCAH",2
"138","MAU-848_2017_B_02_3324_2524","TURFH","CCAH","CCAH","TURFH","TURFH","TURFH","TURFH","CCAH",2
"139","MAU-855_2017_B_12_445_956","TURFH","PESP","PESP","TURFH","PESP","TURFH","TURFH","TURFH",2
"140","MAU-855_2017_B_12_512_3784","PESP","TURFH","PESP","TURFH","PESP","TURFH","TURFH","TURFH",2
"141","MAU-855_2017_B_12_818_2945","TURFH","TURFH","TURFH","TURFH","BGMA","TURFH","TURFH","TURFH",2
"142","MAU-855_2017_B_12_631_3271","GONS","GONS","ENC","GONS","GONS","GONS","GONS","GONS",2
"143","MAU-868_2017_A_07_931_2846","TURFH","TURFH","TURFH","TURFH","TURFH","TURFH","TURFH","CCAH",2
"144","MAU-868_2017_A_07_716_3406","TURFH","TURFH","SHAD","TURFH","TURFH","TURFH","TURFH","TURFH",2
"145","MAU-868_2017_A_07_1229_2857","TURFH","TURFH","TURFH","TURFH","TURFH","TURFH","HALI","TURFH",2
"146","MAU-868_2017_A_07_2023_1295","TURFH","TURFH","TURFH","TURFH","TURFH","TURFH","HALI","TURFH",2
"147","MAU-868_2017_A_07_2197_2723","CCAH","CCAH","CCAH","HALI","CCAH","CCAH","HALI","CCAH",2
"148","MAU-868_2017_A_07_2872_1803","TURFH","CCAH","TURFH","TURFH","CCAH","CCAH","CCAH","TURFH",2
"149","MAU-870_2017_B_04_620_2409","CCAH","CCAH","CCAH","TURFH","CCAH","TURFH","TURFH","CCAH",2
"150","MAU-870_2017_B_04_604_3383","CCAH","TURFH","CCAH","TURFH","CCAH","CCAH","TURFH","CCAH",2
"151","MAU-870_2017_B_04_1305_1121","TURFH","TURFH","TURFH","CCAH","CCAH","TURFH","TURFH","TURFH",2
"152","MAU-870_2017_B_04_2212_329","SHAD","SHAD","SHAD","TURFH","TURFH","SHAD","SHAD","SHAD",2
"153","MAU-870_2017_B_04_2723_3844","PESP","TURFH","TURFH","TURFH","TURFH","TURFH","TURFH","TURFH",2
"154","MAU-907_2017_B_04_613_539","TURFH","TURFH","TURFH","TURFH","TURFH","TURFH","TURFH","EMA",2
"155","MAU-907_2017_B_04_828_164","TURFH","TURFH","TURFH","TURFH","TURFH","TURFH","TURFH","EMA",2
"156","MAU-907_2017_B_04_1182_2925","TURFH","TURFH","TURFH","TURFH","TURFH","TURFH","TURFH","CCAH",2
"157","MAU-907_2017_B_04_1632_1518","TURFH","TURFH","TURFH","TURFH","TURFH","TURFH","TURFH","EMA",2
"158","MAU-907_2017_B_04_1598_3651","CCAH","TURFH","TURFH","TURFH","TURFH","TURFH","TURFH","TURFH",2
"159","MAU-907_2017_B_04_2079_700","TURFH","TURFH","TURFH","TURFH","TURFH","TURFH","TURFH","EMA",2
"160","MAU-907_2017_B_04_2054_1035","POCS","TURFH","TURFH","TURFH","POCS","TURFH","TURFH","POCS",2
"161","MAU-907_2017_B_04_2003_1062","TURFH","TURFH","TURFH","TURFH","TURFH","TURFH","TURFH","EMA",2
"162","MAU-951_2017_B_11_117_2856","TURFH","TURFH","TURFH","TURFH","TURFH","TURFH","TURFH","RDMA",2
"163","MAU-951_2017_B_11_1253_632","PESP","TURFH","TURFH","TURFH","TURFH","TURFH","TURFH","TURFH",2
"164","MAU-951_2017_B_11_1691_2464","TUN","TURFH","TURFH","TURFH","TURFH","TURFH","TURFH","TURFH",2
"165","MAU-953_2017_B_11_213_969","GONS","GONS","HARD","GONS","GONS","GONS","GONS","GONS",2
"166","MAU-953_2017_B_11_909_3884","PESP","TURFH","TURFH","TURFH","TURFH","TURFH","TURFH","TURFH",2
"167","MAU-953_2017_B_11_1676_601","CCAH","TURFH","TURFH","TURFH","CCAH","TURFH","TURFH","TURFH",2
"168","MAU-953_2017_B_11_2117_250","SHAD","SHAD","SHAD","SHAD","SHAD","SHAD","TURFH","SHAD",2
"169","MAU-994_2017_B_06_337_961","SHAD","TURFH","SHAD","TURFH","TURFH","SHAD","SHAD","SHAD",2
"170","MAU-994_2017_B_06_1382_2402","TURFH","TURFH","TURFH","LOBO","TURFH","TURFH","TURFH","TURFH",2
"171","MAU-994_2017_B_06_1822_2951","TURFH","TURFH","TURFH","LOBO","TURFH","TURFH","TURFH","TURFH",2
"172","MAU-994_2017_B_06_3674_387","TURFH","TURFH","SHAD","TURFH","TURFH","TURFH","TURFH","TURFH",2
"173","MAU-994_2017_B_06_3266_2441","PESP","PESP","EMA","EMA","PESP","EMA","PESP","EMA",2
"174","MAU-997_2017_A_01_2738_158","TURFH","TURFH","TURFH","TURFH","TURFH","TURFH","TURFH","GONS",2
"175","MAU-997_2017_A_01_2677_2995","PHSP","TURFH","TURFH","TURFH","TURFH","TURFH","TURFH","TURFH",2
"176","PAG-631_2017_A_17_505_573","SAND","TURFH","TURFH","SAND","TURFH","SAND","TURFH","SAND",2
"177","PAG-631_2017_A_17_2786_2663","CCAH","TURFH","TURFH","TURFH","TURFH","TURFH","TURFH","TURFH",2
"178","PAG-636_2017_A_09_128_1817","TURFH","TURFH","SHAD","TURFH","TURFH","TURFH","TURFH","TURFH",2
"179","PAG-636_2017_A_09_771_792","SHAD","TURFH","SHAD","SHAD","TURFH","SHAD","SHAD","SHAD",2
"180","PAG-636_2017_A_09_841_1051","TURFH","CCAH","TURFH","TURFH","TURFH","TURFH","TURFH","TURFH",2
"181","PAG-636_2017_A_09_1035_2409","EMA","TURFH","TURFH","EMA","EMA","EMA","TURFH","TURFH",2
"182","PAG-639_2017_A_24_1096_2205","TURFH","TURFH","TURFH","TURFH","EMA","TURFH","TURFH","TURFH",2
"183","PAG-639_2017_A_24_1658_1310","SAND","TURFH","TURFH","TURFH","TURFH","SAND","TURFH","TURFH",2
"184","PAG-639_2017_A_24_2374_1239","SAND","TURFH","TURFH","TURFH","TURFH","TURFH","TURFH","TURFH",2
"185","PAG-642_2017_A_26_2494_2501","TURFH","TURFH","TURFH","TURFH","TURFH","TURFH","ASSP","TURFH",2
"186","PAG-642_2017_A_26_3856_868","MOEN","MOEN","POCS","POCS","MOEN","POCS","POCS","POCS",2
"187","PAG-655_2017_A_12_697_2708","TURFH","TURFH","TURFH","TURFH","TURFH","TURFH","TURFH","EMA",2
"188","PAG-655_2017_A_12_2984_1178","ASSP","TURFH","TURFH","TURFH","TURFH","TURFH","TURFH","ASSP",2
"189","PAG-671_2017_A_27_1454_1773","FASP","FASP","FASP","FASP","FASP","PHSP","FASP","FASP",2
"190","PAG-671_2017_A_27_1498_271","FASP","FASP","FASP","FASP","FASP","PHSP","FASP","FASP",2
"191","PAG-671_2017_A_27_2011_2464","FASP","FASP","FASP","FASP","FASP","PHSP","FASP","FASP",2
"192","PAG-671_2017_A_27_2252_2373","FASP","FASP","FASP","FASP","FASP","PHSP","FASP","FASP",2
"193","PAG-671_2017_A_27_2573_2397","FASP","FASP","FASP","FASP","FASP","PHSP","FASP","FASP",2
"194","PAG-693_2017_A_19_294_596","PLSP","PLSP","PLSP","PLSP","PLSP","PLSP","PLSP","OUSP",2
"195","PAG-713_2017_A_05_1856_2924","CCAH","TURFH","TURFH","TURFH","CCAH","TURFH","TURFH","TURFH",2
"196","PAG-732_2017_A_02_1762_3191","HALI","TURFH","HALI","TURFH","TURFH","HALI","TURFH","HALI",2
"197","PAG-732_2017_A_02_1745_2414","SAND","SAND","SHAD","SAND","SAND","SAND","SAND","SAND",2
"198","PAG-747_2017_A_25_588_20","EMA","TURFH","TURFH","TURFH","TURFH","TURFH","TURFH","EMA",2
"199","PAG-747_2017_A_25_1787_996","PAEN","PAEN","PAEN","PAEN","PAEN","PAEN","PAEN","PAMA",2
"200","PAG-747_2017_A_25_2597_1726","FAVS","PLSP","PLSP","FAVS","PLSP","FAVS","FAVS","FAVS",2
"201","PAG-747_2017_A_25_2546_5157","TURFR","TURFH","TURFH","TURFH","TURFH","TURFH","TURFH","TURFH",2
"202","PAG-836_2017_A_15_757_465","POCS","POCS","POCS","TURFH","POCS","POCS","POCS","POCS",2
"203","PAG-836_2017_A_15_2492_2714","TURFH","TURFH","TURFH","TURFH","TURFH","TURFH","PHSP","TURFH",2
"204","PAG-836_2017_A_15_3613_336","TURFH","TURFH","TURFH","ENC","TURFH","TURFH","TURFH","TURFH",2
"205","PAG-886_2017_A_13_137_954","TURFH","TURFH","TURFH","TURFH","TURFH","TURFH","TURFH","EMA",2
"206","PAG-886_2017_A_13_2341_155","TURFH","TURFH","TURFH","TURFH","BGMA","TURFH","BGMA","TURFH",2
"207","PAG-886_2017_A_13_3550_14","HALI","HALI","HALI","TURFH","TURFH","TURFH","TURFH","HALI",2
"208","PAG-891_2017_B_04_470_3109","SHAD","TURFH","TURFH","SHAD","TURFH","SHAD","TURFH","SHAD",2
"209","PAG-891_2017_B_04_1478_510","TURFH","TURFH","TURFH","TURFH","TURFH","TURFH","TURFH","EMA",2
"210","PAG-891_2017_B_04_1606_364","CCAH","TURFH","TURFH","TURFH","TURFH","TURFH","TURFH","CCAH",2
"211","PAG-891_2017_B_04_2108_3493","TURFH","TURFH","TURFH","TURFH","TURFH","TURFH","TURFH","EMA",2
"212","PAG-899_2017_B_03_340_3006","CCAH","TURFH","CCAH","TURFH","TURFH","TURFH","TURFH","CCAH",2
"213","PAG-899_2017_B_03_1102_1212","EMA","TURFH","TURFH","TURFH","TURFH","TURFH","TURFH","TURFH",2
"214","PAG-899_2017_B_03_2039_2893","TURFH","CCAH","CCAH","TURFH","TURFH","TURFH","CCAH","TURFH",2
"215","PAG-899_2017_B_03_2762_2871","CCAH","TURFH","CCAH","CCAH","CCAH","TURFH","CCAH","TURFH",2
"216","PAG-997_2017_A_04_732_1414","TURFH","TURFH","CCAH","TURFH","TURFH","TURFH","TURFH","CCAH",2
"217","PAG-997_2017_A_04_1287_1503","FASP","FAVS","FASP","FASP","FASP","FASP","FASP","FASP",2
"218","PAG-997_2017_A_04_1678_921","TURFH","TURFH","TURFH","TURFH","TURFH","TURFH","TURFH","CCAH",2
"219","PAG-997_2017_A_04_2845_1379","SHAD","SHAD","SHAD","TURFH","SHAD","SHAD","SHAD","SHAD",2
"220","PAG-997_2017_A_04_3327_2318","CCAH","TURFH","CCAH","TURFH","CCAH","CCAH","CCAH","CCAH",2
"221","ROT-830_IMG_1861_2093_651","PESP","PESP","EMA","PESP","PESP","PESP","PESP","PESP",2
"222","ROT-830_IMG_1861_2554_131","CCAH","TURFH","TURFH","CCAH","TURFH","TURFH","TURFH","CCAH",2
"223","ROT-830_IMG_1861_3521_2632","SHAD","SHAD","SHAD","PESP","SHAD","SHAD","PESP","SHAD",2
"224","ROT-840_IMG_1799_476_335","TURFH","TURFH","CCAH","TURFH","TURFH","TURFH","TURFH","TURFH",2
"225","ROT-840_IMG_1799_1271_1936","CCAH","CCAH","CCAH","CCAH","CCAH","CCAH","SP","CCAH",2
"226","ROT-840_IMG_1799_2165_4835","CCAH","CCAH","CCAH","CCAH","CCAH","CCAH","TURFH","CCAH",2
"227","ROT-840_IMG_1799_2731_2024","CCAH","CCAH","CCAH","CCAH","CCAH","CCAH","TURFH","CCAH",2
"228","ROT-845_IMG_1917_1855_3211","CCAH","TURFH","TURFH","TURFH","CCAH","TURFH","TURFH","CCAH",2
"229","ROT-845_IMG_1917_2332_4412","TURFH","TURFH","TURFH","TURFH","TURFH","TURFH","TURFH","CCAH",2
"230","ROT-845_IMG_1926_338_150","TURFH","TURFH","PESP","TURFH","TURFH","TURFH","TURFH","TURFH",2
"231","ROT-845_IMG_1926_2691_1704","TURFH","TURFH","TURFH","TURFH","TURFH","TURFH","GRMA","TURFH",2
"232","ROT-848_IMG_0902_295_927","TURFH","UPMA","TURFH","TURFH","TURFH","TURFH","TURFH","TURFH",2
"233","ROT-848_IMG_0902_4591_2421","TURFH","TURFH","TURFH","TURFH","TURFH","TURFH","TURFH","UPMA",2
"234","ROT-848_IMG_0903_1671_2347","CCAH","CCAH","CCAH","CCAH","CCAH","TURFH","CCAH","CCAH",2
"235","ROT-848_IMG_0903_3290_3200","CCAH","CCAH","CCAH","TURFH","CCAH","TURFH","TURFH","TURFH",2
"236","ROT-848_IMG_0903_3383_3211","TURFH","TURFH","TURFH","TURFH","TURFH","TURFH","CCAH","TURFH",2
"237","ROT-866_IMG_2363_459_2214","MOBF","MOBF","SHAD","MOBF","MOBF","MOBF","MOBF","MOBF",2
"238","ROT-866_IMG_2363_1189_2721","TURFH","TURFH","TURFH","TURFH","TURFH","TURFH","TURFH","UPMA",2
"239","ROT-866_IMG_2363_2431_137","TURFH","TURFH","SAND","TURFH","TURFH","TURFH","TURFH","TURFH",2
"240","ROT-866_IMG_2363_2382_3641","CCAH","TURFH","TURFH","TURFH","CCAH","CCAH","TURFH","CCAH",2
"241","ROT-UNK_IMG_5773_2489_36","CCAH","TURFH","TURFH","TURFH","TURFH","TURFH","TURFH","CCAH",2
"242","SAI-1820_IMG_0893_289_2420","TURFH","TURFH","TURFH","TURFH","TURFH","TURFH","TURFH","UNK",2
"243","SAI-1820_IMG_0893_1643_1506","TURFH","TURFH","TURFH","TURFH","CCAH","TURFH","TURFH","TURFH",2
"244","SAI-1820_IMG_0893_2592_379","TURFH","TURFH","TURFH","TURFH","CCAH","TURFH","TURFH","TURFH",2
"245","SAI-1820_IMG_0893_3842_1891","TURFH","TURFH","TURFH","TURFH","TURFH","TURFH","TURFH","CCAH",2
"246","SAI-1820_IMG_0893_5013_2348","SHAD","TURFH","TURFH","TURFH","TURFH","TURFH","TURFH","TURFH",2
"247","SAI-1822_IMG_2077_61_2238","TURFH","TURFH","TURFH","TURFH","TURFH","TURFH","TURFH","CCAH",2
"248","SAI-1822_IMG_2077_1296_4887","TURFH","TURFH","TURFH","TURFH","TURFH","TURFH","TURFH","CCAH",2
"249","SAI-1822_IMG_2077_1688_42","CCAH","TURFH","TURFH","TURFH","TURFH","TURFH","TURFH","CCAH",2
"250","SAI-1822_IMG_2077_2073_2636","CCAH","TURFH","CCAH","TURFH","CCAH","TURFH","TURFH","CCAH",2
"251","SAI-1822_IMG_2077_2809_4992","POEN","MOEN","POEN","MOEN","MOEN","MOEN","MOEN","MOEN",2
"252","SAI-1822_IMG_2077_3042_2844","TURFH","TURFH","TURFH","TURFH","TURFH","TURFH","TURFH","CCAH",2
"253","SAI-1822_IMG_2102_289_3026","TURFH","TURFH","CCAH","TURFH","CCAH","TURFH","TURFH","TURFH",2
"254","SAI-1822_IMG_2102_73_2966","TURFH","TURFH","CCAH","TURFH","TURFH","TURFH","TURFH","CCAH",2
"255","SAI-1822_IMG_2102_1655_1043","TURFH","TURFH","TURFH","TURFH","TURFH","TURFH","TURFH","CCAH",2
"256","SAI-1822_IMG_2102_3961_1700","TURFH","TURFH","CCAH","TURFH","TURFH","TURFH","TURFH","TURFH",2
"257","SAI-1822_IMG_2102_3965_3395","TURFH","TURFH","POCS","TURFH","TURFH","TURFH","TURFH","POCS",2
"258","SAI-1822_IMG_2102_4945_1656","CCAH","TURFH","CCAH","TURFH","TURFH","CCAH","TURFH","CCAH",2
"259","SAI-1838_IMG_0564_2029_519","TURFH","TURFH","TURFH","TURFH","TURFH","TURFH","TURFH","CCAH",2
"260","SAI-1838_IMG_0564_1766_448","TURFH","TURFH","TURFH","TURFH","TURFH","TURFH","TURFH","CCAH",2
"261","SAI-1838_IMG_0564_2388_947","GONS","GONS","PAMA","GONS","GONS","GONS","GONS","GONS",2
"262","SAI-1838_IMG_0564_2894_2890","CCAH","CCAH","CCAH","TURFH","CCAH","TURFH","TURFH","CCAH",2
"263","SAI-1838_IMG_0564_3602_1083","CCAH","CCAH","TURFH","TURFH","TURFH","TURFH","TURFH","TURFH",2
"264","SAI-1852_IMG_1774_147_5089","TURFH","TURFH","SAND","SAND","TURFH","TURFH","TURFH","SAND",2
"265","SAI-1852_IMG_1774_782_575","SAND","TURFH","SAND","TURFH","TURFH","SAND","TURFH","SAND",2
"266","SAI-1852_IMG_1774_2003_358","SAND","TURFH","SAND","TURFH","TURFH","SAND","SAND","SAND",2
"267","SAI-1852_IMG_1774_1560_2483","CCAH","CCAH","CCAR","CCAH","CCAH","CCAH","CCAH","CCAR",2
"268","SAI-1852_IMG_1774_2030_3594","TURFH","TURFH","SAND","TURFH","TURFH","TURFH","TURFH","SAND",2
"269","SAI-1852_IMG_1774_3384_2724","SAND","TURFH","SAND","TURFH","TURFH","TURFH","TURFH","SAND",2
"270","SAI-1854_IMG_0691_2475_415","FASP","PHSP","PHSP","PHSP","FASP","FASP","FASP","FASP",2
"271","SAI-1854_IMG_0691_4421_514","ASSP","ENC","ENC","ASSP","ASSP","ASSP","ASSP","ASSP",2
"272","SAI-1854_IMG_0691_4854_3384","TURFH","TURFH","TURFH","TURFH","TURFH","TURFH","TURFH","EMA",2
"273","SAI-1857_IMG_1868_1094_285","ASSP","ASSP","ASSP","ASSP","ASSP","ASSP","ASSP","ECHP",2
"274","SAI-1857_IMG_1868_1789_2681","TURFH","TURFH","TURFH","TURFH","BGMA","TURFH","TURFH","TURFH",2
"275","SAI-1857_IMG_1868_2380_1985","TURFH","TURFH","TURFH","TURFH","TURFH","TURFH","TURFH","RDMA",2
"276","SAI-1857_IMG_1868_2629_2941","TURFH","TURFH","TURFH","TURFH","TURFH","TURFH","TURFH","RDMA",2
"277","SAI-1857_IMG_1868_3272_495","TURFH","TURFH","TURFH","TURFH","TURFH","TURFH","TURFH","CCAH",2
"278","SAI-1858_IMG_1828_4844_1238","TURFH","TURFH","TURFH","TURFH","TURFH","TURFH","TURFH","UPMA",2
"279","SAI-1888_IMG_9809_2084_3486","TURFH","TURFH","TURFH","TURFH","TURFH","TURFH","TURFH","UPMA",2
"280","SAI-1888_IMG_9809_4466_3626","TURFH","TURFH","TURFH","TURFH","TURFH","TURFH","TURFH","UPMA",2
"281","SAI-1909_IMG_0714_431_2582","TURFH","TURFH","TURFH","TURFH","CCAH","CCAH","TURFH","CCAH",2
"282","SAI-1909_IMG_0714_911_38","CCAH","TURFH","CCAH","CCAH","CCAH","CCAH","TURFH","CCAH",2
"283","SAI-1909_IMG_0714_760_4683","CCAH","TURFH","CCAH","TURFH","CCAH","CCAH","TURFH","TURFH",2
"284","SAI-1909_IMG_0714_2328_67","STYS","STYS","STYS","STYS","STYS","STYS","STYS","POCS",2
"285","SAI-1909_IMG_0714_2794_3576","TURFH","TURFH","CCAH","TURFH","TURFH","TURFH","TURFH","CCAH",2
"286","SAI-1909_IMG_0714_2859_4596","CCAH","TURFH","CCAH","CCAH","CCAH","CCAH","TURFH","CCAH",2
"287","SAI-1909_IMG_0714_3251_1506","CCAH","CCAH","TURFH","CCAH","CCAH","CCAH","TURFH","CCAH",2
"288","SAI-1909_IMG_0714_3543_2485","POCS","POCS","POCS","POCS","POCS","POCS","POCS","ACBR",2
"289","SAI-1909_IMG_0735_854_1364","TURFH","TURFH","CCAH","TURFH","CCAH","TURFH","TURFH","CCAH",2
"290","SAI-1909_IMG_0735_590_2682","TURFH","TURFH","TURFH","TURFH","TURFH","TURFH","TURFH","SHAD",2
"291","SAI-1909_IMG_0735_4928_3304","TURFH","CCAH","CCAH","CCAH","CCAH","TURFH","CCAH","CCAH",2
"292","SAI-1915_IMG_9876_3522_1191","TURFH","TURFH","GASP","TURFH","TURFH","GASP","TURFH","GASP",2
"293","SAI-1915_IMG_9876_2974_1381","BGMA","TURFH","TURFH","BGMA","BGMA","TURFH","TURFH","BGMA",2
"294","SAI-1915_IMG_9876_3287_2591","ASSP","ASSP","ASSP","ASSP","ASSP","ASSP","ASSP","CYPS",2
"295","SAI-1915_IMG_9876_3607_4671","MOEN","MOEN","ENC","MOEN","MOEN","MOEN","MOEN","MOEN",2
"296","SAI-1916_IMG_0506_546_1086","TURFH","TURFH","TURFH","TURFH","TURFH","TURFH","TURFH","EMA",2
"297","SAI-1916_IMG_0506_1632_3515","PESP","PESP","LOBO","PESP","PESP","PESP","PESP","PESP",2
"298","SAI-1916_IMG_0506_2217_1707","GOAL","TURFH","TURFH","TURFH","GOAL","GOAL","GOAL","GOAL",2
"299","SAI-1916_IMG_0510_1601_860","PESP","PESP","RDMA","PESP","PESP","PESP","PESP","PESP",2
"300","SAI-1916_IMG_0510_1758_4061","TURFH","CCAH","CCAH","CCAH","CCAH","TURFH","TURFH","CCAH",2
"301","SAI-1918_IMG_0604_1907_909","TURFH","TURFH","CCAH","CCAH","CCAH","TURFH","TURFH","TURFH",2
"302","SAI-1918_IMG_0604_1687_1723","CCAH","CCAH","CCAH","CCAH","CCAH","CCAH","TURFH","TURFH",2
"303","SAI-1918_IMG_0604_2551_437","TURFH","TURFH","CCAH","TURFH","TURFH","TURFH","TURFH","TURFH",2
"304","SAI-1918_IMG_0604_3411_453","TURFH","TURFH","CCAH","TURFH","TURFH","TURFH","TURFH","TURFH",2
"305","SAI-1918_IMG_0604_3408_3634","TURFH","TURFH","CCAH","TURFH","TURFH","TURFH","TURFH","TURFH",2
"306","SAI-1918_IMG_0604_4737_804","SP","SP","SP","SP","SP","SP","SP","UI",2
"307","SAI-1921_IMG_0550_880_1015","CCAH","TURFH","TURFH","TURFH","TURFH","TURFH","TURFH","TURFH",2
"308","SAI-1921_IMG_0550_2411_1869","TURFH","TURFH","TURFH","TURFH","TURFH","TURFH","EMA","TURFH",2
"309","SAI-1921_IMG_0552_1523_1541","GOAL","GOAL","GASP","GOAL","GOAL","GOAL","GOAL","GOAL",2
"310","SAI-1921_IMG_0552_1901_5235","HALI","TURFH","HALI","TURFH","TURFH","TURFH","HALI","HALI",2
"311","SAI-1921_IMG_0552_2555_3084","TURFH","TURFH","CCAH","TURFH","TURFH","TURFH","TURFH","TURFH",2
"312","SAI-1921_IMG_0552_2920_1551","TURFH","TURFH","HALI","TURFH","TURFH","TURFH","TURFH","HALI",2
"313","TIN-838_IMG_1104_4854_2096","TURFH","TURFH","CCAH","TURFH","TURFH","TURFH","TURFH","TURFH",2
"314","TIN-855_IMG_9718_780_1137","POCS","POCS","POCS","POCS","POCS","POCS","POCS","ACBR",2
"315","TIN-855_IMG_9718_2066_2349","TURFH","TURFH","FINE","TURFH","TURFH","TURFH","TURFH","TURFH",2
"316","TIN-855_IMG_9718_2931_482","TURFH","TURFH","TURFH","TURFH","PESP","TURFH","TURFH","TURFH",2
"317","TIN-855_IMG_9718_2952_1726","TURFH","TURFH","TURFH","TURFH","TURFH","TURFH","EMA","TURFH",2
"318","TIN-855_IMG_9718_4833_252","HALI","NEOM","HALI","HALI","HALI","HALI","HALI","HALI",2
"319","TIN-855_IMG_9718_5093_2456","TURFH","TURFH","HALI","TURFH","TURFH","TURFH","TURFH","TURFH",2
"320","TIN-855_IMG_9723_483_2033","EMA","TURFH","TURFH","TURFH","TURFH","EMA","EMA","TURFH",2
"321","TIN-855_IMG_9723_3465_139","POMA","POMA","POMA","POMA","POMA","POMA","POMA","PAMA",2
"322","TIN-855_IMG_9725_1768_73","HALI","TURFH","HALI","TURFH","TURFH","TURFH","HALI","HALI",2
"323","TIN-855_IMG_9725_1806_465","HALI","HALI","HALI","HALI","SAND","HALI","HALI","HALI",2
"324","TIN-855_IMG_9725_2523_150","CCAH","CCAH","CCAH","CCAH","CCAH","RDMA","CCAH","CCAH",2
"325","TIN-855_IMG_9725_5264_1413","CCAH","TURFH","CCAH","CCAH","CCAH","TURFH","TURFH","CCAH",2
"326","TIN-868_IMG_1956_1920_4776","CCAH","TURFH","CCAH","CCAH","TURFH","TURFH","TURFH","TURFH",2
"327","TIN-868_IMG_1956_3364_5402","TURFH","CCAH","CCAH","CCAH","CCAH","TURFH","CCAH","TURFH",2
"328","TIN-868_IMG_1956_3334_5226","TURFH","CCAH","CCAH","CCAH","CCAH","TURFH","CCAH","TURFH",2
"329","TIN-885_IMG_0741_1570_4","TURFH","TURFH","GRMA","TURFH","TURFH","TURFH","TURFH","TURFH",2
"330","TIN-885_IMG_0741_3534_1107","HALI","TURFH","HALI","TURFH","TURFH","TURFH","HALI","HALI",2
"331","TIN-896_IMG_9790_117_2438","TURFH","TURFH","CCAH","TURFH","TURFH","TURFH","TURFH","CCAH",2
"332","TIN-896_IMG_9790_730_1038","TURFH","TURFH","TURFH","TURFH","TURFH","TURFH","TURFH","CCAH",2
"333","TIN-896_IMG_9790_930_1796","TURFH","TURFH","PESP","TURFH","PESP","TURFH","TURFH","TURFH",2
"334","TIN-896_IMG_9790_1211_2587","TURFH","TURFH","TURFH","TURFH","TURFH","TURFH","TURFH","CCAH",2
"335","TIN-896_IMG_9790_1120_5447","TURFH","TURFH","TURFH","TURFH","TURFH","TURFH","TURFH","CCAH",2
"336","TIN-896_IMG_9790_2753_1213","TURFH","TURFH","SHAD","TURFH","TURFH","SHAD","TURFH","SHAD",2
